<?xml version="1.0"?>
<!DOCTYPE pathway SYSTEM "https://www.kegg.jp/kegg/xml/KGML_v0.7.2_.dtd">
<!-- Creation date: Jun 2, 2022 13:58:56 +0900 (GMT+9) -->
<pathway name="path:ko04514" org="ko" number="04514"
         title="Cell adhesion molecules"
         image="https://www.kegg.jp/kegg/pathway/ko/ko04514.png"
         link="https://www.kegg.jp/kegg-bin/show_pathway?ko04514">
    <entry id="70" name="ko:K10784 ko:K10785" type="ortholog"
        link="https://www.kegg.jp/dbget-bin/www_bget?K10784+K10785">
        <graphics name="K10784..." fgcolor="#000000" bgcolor="#BFBFFF"
             type="rectangle" x="273" y="567" width="46" height="17"/>
    </entry>
    <entry id="71" name="ko:K10784 ko:K10785" type="ortholog"
        link="https://www.kegg.jp/dbget-bin/www_bget?K10784+K10785">
        <graphics name="K10784..." fgcolor="#000000" bgcolor="#BFBFFF"
             type="rectangle" x="273" y="225" width="46" height="17"/>
    </entry>
    <entry id="72" name="ko:K10784 ko:K10785" type="ortholog"
        link="https://www.kegg.jp/dbget-bin/www_bget?K10784+K10785">
        <graphics name="K10784..." fgcolor="#000000" bgcolor="#BFBFFF"
             type="rectangle" x="167" y="325" width="46" height="17"/>
    </entry>
    <entry id="73" name="ko:K10784 ko:K10785" type="ortholog"
        link="https://www.kegg.jp/dbget-bin/www_bget?K10784+K10785">
        <graphics name="K10784..." fgcolor="#000000" bgcolor="#BFBFFF"
             type="rectangle" x="167" y="388" width="46" height="17"/>
    </entry>
    <entry id="74" name="path:ko04670" type="map"
        link="https://www.kegg.jp/dbget-bin/www_bget?ko04670">
        <graphics name="Leukocyte transendothelial migration" fgcolor="#000000" bgcolor="#FFFFFF"
             type="roundrectangle" x="701" y="857" width="103" height="45"/>
    </entry>
    <entry id="75" name="path:ko04670" type="map"
        link="https://www.kegg.jp/dbget-bin/www_bget?ko04670">
        <graphics name="Leukocyte transendothelial migration" fgcolor="#000000" bgcolor="#FFFFFF"
             type="roundrectangle" x="507" y="454" width="103" height="45"/>
    </entry>
    <entry id="76" name="path:ko04660" type="map"
        link="https://www.kegg.jp/dbget-bin/www_bget?ko04660">
        <graphics name="T cell receptor signaling pathway" fgcolor="#000000" bgcolor="#FFFFFF"
             type="roundrectangle" x="126" y="859" width="103" height="34"/>
    </entry>
    <entry id="77" name="ko:K06547" type="ortholog"
        link="https://www.kegg.jp/dbget-bin/www_bget?K06547">
        <graphics name="K06547" fgcolor="#000000" bgcolor="#BFBFFF"
             type="rectangle" x="83" y="582" width="46" height="17"/>
    </entry>
    <entry id="78" name="ko:K06456" type="ortholog"
        link="https://www.kegg.jp/dbget-bin/www_bget?K06456">
        <graphics name="K06456" fgcolor="#000000" bgcolor="#BFBFFF"
             type="rectangle" x="167" y="582" width="46" height="17"/>
    </entry>
    <entry id="79" name="ko:K06477" type="ortholog"
        link="https://www.kegg.jp/dbget-bin/www_bget?K06477">
        <graphics name="K06477" fgcolor="#000000" bgcolor="#BFBFFF"
             type="rectangle" x="168" y="819" width="46" height="17"/>
    </entry>
    <entry id="80" name="ko:K06548" type="ortholog"
        link="https://www.kegg.jp/dbget-bin/www_bget?K06548">
        <graphics name="K06548" fgcolor="#000000" bgcolor="#BFBFFF"
             type="rectangle" x="84" y="819" width="46" height="17"/>
    </entry>
    <entry id="81" name="ko:K06478" type="ortholog"
        link="https://www.kegg.jp/dbget-bin/www_bget?K06478">
        <graphics name="K06478" fgcolor="#000000" bgcolor="#BFBFFF"
             type="rectangle" x="168" y="780" width="46" height="17"/>
    </entry>
    <entry id="82" name="ko:K06467" type="ortholog"
        link="https://www.kegg.jp/dbget-bin/www_bget?K06467">
        <graphics name="K06467" fgcolor="#000000" bgcolor="#BFBFFF"
             type="rectangle" x="84" y="780" width="46" height="17"/>
    </entry>
    <entry id="83" name="ko:K06458 ko:K06459" type="ortholog"
        link="https://www.kegg.jp/dbget-bin/www_bget?K06458+K06459">
        <graphics name="K06458..." fgcolor="#000000" bgcolor="#BFBFFF"
             type="rectangle" x="273" y="249" width="46" height="17"/>
    </entry>
    <entry id="84" name="ko:K05719" type="ortholog"
        link="https://www.kegg.jp/dbget-bin/www_bget?K05719">
        <graphics name="K05719" fgcolor="#000000" bgcolor="#BFBFFF"
             type="rectangle" x="933" y="476" width="46" height="17"/>
    </entry>
    <entry id="85" name="ko:K06584" type="ortholog"
        link="https://www.kegg.jp/dbget-bin/www_bget?K06584">
        <graphics name="K06584" fgcolor="#000000" bgcolor="#BFBFFF"
             type="rectangle" x="933" y="459" width="46" height="17"/>
    </entry>
    <entry id="86" name="ko:K06464" type="ortholog"
        link="https://www.kegg.jp/dbget-bin/www_bget?K06464">
        <graphics name="K06464" fgcolor="#000000" bgcolor="#BFBFFF"
             type="rectangle" x="465" y="644" width="46" height="17"/>
    </entry>
    <entry id="87" name="ko:K05718" type="ortholog"
        link="https://www.kegg.jp/dbget-bin/www_bget?K05718">
        <graphics name="K05718" fgcolor="#000000" bgcolor="#BFBFFF"
             type="rectangle" x="465" y="627" width="46" height="17"/>
    </entry>
    <entry id="88" name="ko:K03160" type="ortholog"
        link="https://www.kegg.jp/dbget-bin/www_bget?K03160">
        <graphics name="K03160" fgcolor="#000000" bgcolor="#BFBFFF"
             type="rectangle" x="549" y="769" width="46" height="17"/>
    </entry>
    <entry id="89" name="ko:K03160" type="ortholog"
        link="https://www.kegg.jp/dbget-bin/www_bget?K03160">
        <graphics name="K03160" fgcolor="#000000" bgcolor="#BFBFFF"
             type="rectangle" x="465" y="600" width="46" height="17"/>
    </entry>
    <entry id="90" name="ko:K03160" type="ortholog"
        link="https://www.kegg.jp/dbget-bin/www_bget?K03160">
        <graphics name="K03160" fgcolor="#000000" bgcolor="#BFBFFF"
             type="rectangle" x="357" y="629" width="46" height="17"/>
    </entry>
    <entry id="91" name="ko:K03160" type="ortholog"
        link="https://www.kegg.jp/dbget-bin/www_bget?K03160">
        <graphics name="K03160" fgcolor="#000000" bgcolor="#BFBFFF"
             type="rectangle" x="358" y="317" width="46" height="17"/>
    </entry>
    <entry id="92" name="ko:K06766" type="ortholog"
        link="https://www.kegg.jp/dbget-bin/www_bget?K06766">
        <graphics name="K06766" fgcolor="#000000" bgcolor="#BFBFFF"
             type="rectangle" x="1314" y="802" width="46" height="17"/>
    </entry>
    <entry id="93" name="ko:K06809" type="ortholog"
        link="https://www.kegg.jp/dbget-bin/www_bget?K06809">
        <graphics name="K06809" fgcolor="#000000" bgcolor="#BFBFFF"
             type="rectangle" x="1314" y="776" width="46" height="17"/>
    </entry>
    <entry id="94" name="ko:K06809" type="ortholog"
        link="https://www.kegg.jp/dbget-bin/www_bget?K06809">
        <graphics name="K06809" fgcolor="#000000" bgcolor="#BFBFFF"
             type="rectangle" x="1230" y="776" width="46" height="17"/>
    </entry>
    <entry id="95" name="ko:K06797" type="ortholog"
        link="https://www.kegg.jp/dbget-bin/www_bget?K06797">
        <graphics name="K06797" fgcolor="#000000" bgcolor="#BFBFFF"
             type="rectangle" x="1314" y="751" width="46" height="17"/>
    </entry>
    <entry id="96" name="ko:K06797" type="ortholog"
        link="https://www.kegg.jp/dbget-bin/www_bget?K06797">
        <graphics name="K06797" fgcolor="#000000" bgcolor="#BFBFFF"
             type="rectangle" x="1230" y="751" width="46" height="17"/>
    </entry>
    <entry id="97" name="ko:K06796" type="ortholog"
        link="https://www.kegg.jp/dbget-bin/www_bget?K06796">
        <graphics name="K06796" fgcolor="#000000" bgcolor="#BFBFFF"
             type="rectangle" x="1314" y="660" width="46" height="17"/>
    </entry>
    <entry id="98" name="ko:K06796" type="ortholog"
        link="https://www.kegg.jp/dbget-bin/www_bget?K06796">
        <graphics name="K06796" fgcolor="#000000" bgcolor="#BFBFFF"
             type="rectangle" x="1230" y="660" width="46" height="17"/>
    </entry>
    <entry id="99" name="ko:K05719" type="ortholog"
        link="https://www.kegg.jp/dbget-bin/www_bget?K05719">
        <graphics name="K05719" fgcolor="#000000" bgcolor="#BFBFFF"
             type="rectangle" x="1313" y="511" width="46" height="17"/>
    </entry>
    <entry id="100" name="ko:K06485" type="ortholog"
        link="https://www.kegg.jp/dbget-bin/www_bget?K06485">
        <graphics name="K06485" fgcolor="#000000" bgcolor="#BFBFFF"
             type="rectangle" x="1313" y="494" width="46" height="17"/>
    </entry>
    <entry id="101" name="ko:K06531" type="ortholog"
        link="https://www.kegg.jp/dbget-bin/www_bget?K06531">
        <graphics name="K06531" fgcolor="#000000" bgcolor="#BFBFFF"
             type="rectangle" x="1313" y="468" width="46" height="17"/>
    </entry>
    <entry id="102" name="ko:K05689" type="ortholog"
        link="https://www.kegg.jp/dbget-bin/www_bget?K05689">
        <graphics name="K05689" fgcolor="#000000" bgcolor="#BFBFFF"
             type="rectangle" x="1313" y="416" width="46" height="17"/>
    </entry>
    <entry id="103" name="ko:K05689" type="ortholog"
        link="https://www.kegg.jp/dbget-bin/www_bget?K05689">
        <graphics name="K05689" fgcolor="#000000" bgcolor="#BFBFFF"
             type="rectangle" x="1229" y="416" width="46" height="17"/>
    </entry>
    <entry id="104" name="ko:K05689" type="ortholog"
        link="https://www.kegg.jp/dbget-bin/www_bget?K05689">
        <graphics name="K05689" fgcolor="#000000" bgcolor="#BFBFFF"
             type="rectangle" x="1313" y="223" width="46" height="17"/>
    </entry>
    <entry id="105" name="ko:K05689" type="ortholog"
        link="https://www.kegg.jp/dbget-bin/www_bget?K05689">
        <graphics name="K05689" fgcolor="#000000" bgcolor="#BFBFFF"
             type="rectangle" x="1229" y="223" width="46" height="17"/>
    </entry>
    <entry id="108" name="ko:K06793" type="ortholog"
        link="https://www.kegg.jp/dbget-bin/www_bget?K06793">
        <graphics name="K06793" fgcolor="#000000" bgcolor="#BFBFFF"
             type="rectangle" x="1038" y="655" width="46" height="17"/>
    </entry>
    <entry id="109" name="ko:K05689" type="ortholog"
        link="https://www.kegg.jp/dbget-bin/www_bget?K05689">
        <graphics name="K05689" fgcolor="#000000" bgcolor="#BFBFFF"
             type="rectangle" x="1122" y="467" width="46" height="17"/>
    </entry>
    <entry id="110" name="ko:K05689" type="ortholog"
        link="https://www.kegg.jp/dbget-bin/www_bget?K05689">
        <graphics name="K05689" fgcolor="#000000" bgcolor="#BFBFFF"
             type="rectangle" x="1037" y="467" width="46" height="17"/>
    </entry>
    <entry id="111" name="ko:K06771" type="ortholog"
        link="https://www.kegg.jp/dbget-bin/www_bget?K06771">
        <graphics name="K06771" fgcolor="#000000" bgcolor="#BFBFFF"
             type="rectangle" x="1121" y="437" width="46" height="17"/>
    </entry>
    <entry id="112" name="ko:K06771" type="ortholog"
        link="https://www.kegg.jp/dbget-bin/www_bget?K06771">
        <graphics name="K06771" fgcolor="#000000" bgcolor="#BFBFFF"
             type="rectangle" x="1037" y="437" width="46" height="17"/>
    </entry>
    <entry id="113" name="ko:K06770" type="ortholog"
        link="https://www.kegg.jp/dbget-bin/www_bget?K06770">
        <graphics name="K06770" fgcolor="#000000" bgcolor="#BFBFFF"
             type="rectangle" x="1121" y="407" width="46" height="17"/>
    </entry>
    <entry id="114" name="ko:K06770" type="ortholog"
        link="https://www.kegg.jp/dbget-bin/www_bget?K06770">
        <graphics name="K06770" fgcolor="#000000" bgcolor="#BFBFFF"
             type="rectangle" x="1037" y="407" width="46" height="17"/>
    </entry>
    <entry id="115" name="ko:K06592" type="ortholog"
        link="https://www.kegg.jp/dbget-bin/www_bget?K06592">
        <graphics name="K06592" fgcolor="#000000" bgcolor="#BFBFFF"
             type="rectangle" x="1229" y="468" width="46" height="17"/>
    </entry>
    <entry id="116" name="ko:K06757" type="ortholog"
        link="https://www.kegg.jp/dbget-bin/www_bget?K06757">
        <graphics name="K06757" fgcolor="#000000" bgcolor="#BFBFFF"
             type="rectangle" x="1038" y="719" width="46" height="17"/>
    </entry>
    <entry id="117" name="ko:K06757" type="ortholog"
        link="https://www.kegg.jp/dbget-bin/www_bget?K06757">
        <graphics name="K06757" fgcolor="#000000" bgcolor="#BFBFFF"
             type="rectangle" x="1123" y="655" width="46" height="17"/>
    </entry>
    <entry id="118" name="ko:K07380" type="ortholog"
        link="https://www.kegg.jp/dbget-bin/www_bget?K07380">
        <graphics name="K07380" fgcolor="#000000" bgcolor="#BFBFFF"
             type="rectangle" x="1123" y="802" width="46" height="17"/>
    </entry>
    <entry id="119" name="ko:K07379" type="ortholog"
        link="https://www.kegg.jp/dbget-bin/www_bget?K07379">
        <graphics name="K07379" fgcolor="#000000" bgcolor="#BFBFFF"
             type="rectangle" x="1123" y="737" width="46" height="17"/>
    </entry>
    <entry id="120" name="ko:K07380" type="ortholog"
        link="https://www.kegg.jp/dbget-bin/www_bget?K07380">
        <graphics name="K07380" fgcolor="#000000" bgcolor="#BFBFFF"
             type="rectangle" x="1123" y="273" width="46" height="17"/>
    </entry>
    <entry id="121" name="ko:K07379" type="ortholog"
        link="https://www.kegg.jp/dbget-bin/www_bget?K07379">
        <graphics name="K07379" fgcolor="#000000" bgcolor="#BFBFFF"
             type="rectangle" x="1123" y="204" width="46" height="17"/>
    </entry>
    <entry id="122" name="ko:K06757" type="ortholog"
        link="https://www.kegg.jp/dbget-bin/www_bget?K06757">
        <graphics name="K06757" fgcolor="#000000" bgcolor="#BFBFFF"
             type="rectangle" x="1038" y="187" width="46" height="17"/>
    </entry>
    <entry id="123" name="ko:K06757" type="ortholog"
        link="https://www.kegg.jp/dbget-bin/www_bget?K06757">
        <graphics name="K06757" fgcolor="#000000" bgcolor="#BFBFFF"
             type="rectangle" x="1123" y="148" width="46" height="17"/>
    </entry>
    <entry id="124" name="ko:K05693" type="ortholog"
        link="https://www.kegg.jp/dbget-bin/www_bget?K05693">
        <graphics name="K05693" fgcolor="#000000" bgcolor="#BFBFFF"
             type="rectangle" x="932" y="696" width="46" height="17"/>
    </entry>
    <entry id="125" name="ko:K05693" type="ortholog"
        link="https://www.kegg.jp/dbget-bin/www_bget?K05693">
        <graphics name="K05693" fgcolor="#000000" bgcolor="#BFBFFF"
             type="rectangle" x="848" y="696" width="46" height="17"/>
    </entry>
    <entry id="126" name="ko:K06760" type="ortholog"
        link="https://www.kegg.jp/dbget-bin/www_bget?K06760">
        <graphics name="K06760" fgcolor="#000000" bgcolor="#BFBFFF"
             type="rectangle" x="1123" y="256" width="46" height="17"/>
    </entry>
    <entry id="127" name="ko:K06760" type="ortholog"
        link="https://www.kegg.jp/dbget-bin/www_bget?K06760">
        <graphics name="K06760" fgcolor="#000000" bgcolor="#BFBFFF"
             type="rectangle" x="1038" y="255" width="46" height="17"/>
    </entry>
    <entry id="128" name="ko:K06760" type="ortholog"
        link="https://www.kegg.jp/dbget-bin/www_bget?K06760">
        <graphics name="K06760" fgcolor="#000000" bgcolor="#BFBFFF"
             type="rectangle" x="1123" y="785" width="46" height="17"/>
    </entry>
    <entry id="129" name="ko:K06760" type="ortholog"
        link="https://www.kegg.jp/dbget-bin/www_bget?K06760">
        <graphics name="K06760" fgcolor="#000000" bgcolor="#BFBFFF"
             type="rectangle" x="1038" y="784" width="46" height="17"/>
    </entry>
    <entry id="130" name="ko:K06760" type="ortholog"
        link="https://www.kegg.jp/dbget-bin/www_bget?K06760">
        <graphics name="K06760" fgcolor="#000000" bgcolor="#BFBFFF"
             type="rectangle" x="932" y="757" width="46" height="17"/>
    </entry>
    <entry id="131" name="ko:K06760" type="ortholog"
        link="https://www.kegg.jp/dbget-bin/www_bget?K06760">
        <graphics name="K06760" fgcolor="#000000" bgcolor="#BFBFFF"
             type="rectangle" x="848" y="757" width="46" height="17"/>
    </entry>
    <entry id="132" name="ko:K06759" type="ortholog"
        link="https://www.kegg.jp/dbget-bin/www_bget?K06759">
        <graphics name="K06759" fgcolor="#000000" bgcolor="#BFBFFF"
             type="rectangle" x="1123" y="187" width="46" height="17"/>
    </entry>
    <entry id="133" name="ko:K06759" type="ortholog"
        link="https://www.kegg.jp/dbget-bin/www_bget?K06759">
        <graphics name="K06759" fgcolor="#000000" bgcolor="#BFBFFF"
             type="rectangle" x="1123" y="720" width="46" height="17"/>
    </entry>
    <entry id="134" name="ko:K06759" type="ortholog"
        link="https://www.kegg.jp/dbget-bin/www_bget?K06759">
        <graphics name="K06759" fgcolor="#000000" bgcolor="#BFBFFF"
             type="rectangle" x="1123" y="680" width="46" height="17"/>
    </entry>
    <entry id="135" name="ko:K06759" type="ortholog"
        link="https://www.kegg.jp/dbget-bin/www_bget?K06759">
        <graphics name="K06759" fgcolor="#000000" bgcolor="#BFBFFF"
             type="rectangle" x="1038" y="742" width="46" height="17"/>
    </entry>
    <entry id="136" name="ko:K06759" type="ortholog"
        link="https://www.kegg.jp/dbget-bin/www_bget?K06759">
        <graphics name="K06759" fgcolor="#000000" bgcolor="#BFBFFF"
             type="rectangle" x="932" y="666" width="46" height="17"/>
    </entry>
    <entry id="137" name="ko:K06756" type="ortholog"
        link="https://www.kegg.jp/dbget-bin/www_bget?K06756">
        <graphics name="K06756" fgcolor="#000000" bgcolor="#BFBFFF"
             type="rectangle" x="1123" y="631" width="46" height="17"/>
    </entry>
    <entry id="138" name="ko:K06756" type="ortholog"
        link="https://www.kegg.jp/dbget-bin/www_bget?K06756">
        <graphics name="K06756" fgcolor="#000000" bgcolor="#BFBFFF"
             type="rectangle" x="1123" y="121" width="46" height="17"/>
    </entry>
    <entry id="139" name="ko:K06756" type="ortholog"
        link="https://www.kegg.jp/dbget-bin/www_bget?K06756">
        <graphics name="K06756" fgcolor="#000000" bgcolor="#BFBFFF"
             type="rectangle" x="848" y="666" width="46" height="17"/>
    </entry>
    <entry id="140" name="ko:K07378" type="ortholog"
        link="https://www.kegg.jp/dbget-bin/www_bget?K07378">
        <graphics name="K07378" fgcolor="#000000" bgcolor="#BFBFFF"
             type="rectangle" x="933" y="504" width="46" height="17"/>
    </entry>
    <entry id="141" name="ko:K07377" type="ortholog"
        link="https://www.kegg.jp/dbget-bin/www_bget?K07377">
        <graphics name="K07377" fgcolor="#000000" bgcolor="#BFBFFF"
             type="rectangle" x="848" y="504" width="46" height="17"/>
    </entry>
    <entry id="142" name="ko:K06591" type="ortholog"
        link="https://www.kegg.jp/dbget-bin/www_bget?K06591">
        <graphics name="K06591" fgcolor="#000000" bgcolor="#BFBFFF"
             type="rectangle" x="933" y="434" width="46" height="17"/>
    </entry>
    <entry id="143" name="ko:K06487" type="ortholog"
        link="https://www.kegg.jp/dbget-bin/www_bget?K06487">
        <graphics name="K06487" fgcolor="#000000" bgcolor="#BFBFFF"
             type="rectangle" x="933" y="417" width="46" height="17"/>
    </entry>
    <entry id="144" name="ko:K06257 ko:K16336 ko:K16337 ko:K16338" type="ortholog"
        link="https://www.kegg.jp/dbget-bin/www_bget?K06257+K16336+K16337+K16338">
        <graphics name="K06257..." fgcolor="#000000" bgcolor="#BFBFFF"
             type="rectangle" x="1038" y="134" width="46" height="17"/>
    </entry>
    <entry id="145" name="ko:K06257 ko:K16336 ko:K16337 ko:K16338" type="ortholog"
        link="https://www.kegg.jp/dbget-bin/www_bget?K06257+K16336+K16337+K16338">
        <graphics name="K06257..." fgcolor="#000000" bgcolor="#BFBFFF"
             type="rectangle" x="933" y="388" width="46" height="17"/>
    </entry>
    <entry id="146" name="ko:K05695" type="ortholog"
        link="https://www.kegg.jp/dbget-bin/www_bget?K05695">
        <graphics name="K05695" fgcolor="#000000" bgcolor="#BFBFFF"
             type="rectangle" x="848" y="362" width="46" height="17"/>
    </entry>
    <entry id="147" name="ko:K06775" type="ortholog"
        link="https://www.kegg.jp/dbget-bin/www_bget?K06775">
        <graphics name="K06775" fgcolor="#000000" bgcolor="#BFBFFF"
             type="rectangle" x="933" y="278" width="46" height="17"/>
    </entry>
    <entry id="148" name="ko:K06775" type="ortholog"
        link="https://www.kegg.jp/dbget-bin/www_bget?K06775">
        <graphics name="K06775" fgcolor="#000000" bgcolor="#BFBFFF"
             type="rectangle" x="848" y="278" width="46" height="17"/>
    </entry>
    <entry id="149" name="ko:K06780" type="ortholog"
        link="https://www.kegg.jp/dbget-bin/www_bget?K06780">
        <graphics name="K06780" fgcolor="#000000" bgcolor="#BFBFFF"
             type="rectangle" x="932" y="636" width="46" height="17"/>
    </entry>
    <entry id="150" name="ko:K06780" type="ortholog"
        link="https://www.kegg.jp/dbget-bin/www_bget?K06780">
        <graphics name="K06780" fgcolor="#000000" bgcolor="#BFBFFF"
             type="rectangle" x="848" y="636" width="46" height="17"/>
    </entry>
    <entry id="151" name="ko:K06781" type="ortholog"
        link="https://www.kegg.jp/dbget-bin/www_bget?K06781">
        <graphics name="K06781" fgcolor="#000000" bgcolor="#BFBFFF"
             type="rectangle" x="1313" y="251" width="46" height="17"/>
    </entry>
    <entry id="152" name="ko:K06781" type="ortholog"
        link="https://www.kegg.jp/dbget-bin/www_bget?K06781">
        <graphics name="K06781" fgcolor="#000000" bgcolor="#BFBFFF"
             type="rectangle" x="1229" y="251" width="46" height="17"/>
    </entry>
    <entry id="153" name="ko:K06781" type="ortholog"
        link="https://www.kegg.jp/dbget-bin/www_bget?K06781">
        <graphics name="K06781" fgcolor="#000000" bgcolor="#BFBFFF"
             type="rectangle" x="933" y="247" width="46" height="17"/>
    </entry>
    <entry id="154" name="ko:K06781" type="ortholog"
        link="https://www.kegg.jp/dbget-bin/www_bget?K06781">
        <graphics name="K06781" fgcolor="#000000" bgcolor="#BFBFFF"
             type="rectangle" x="848" y="247" width="46" height="17"/>
    </entry>
    <entry id="155" name="ko:K06736" type="ortholog"
        link="https://www.kegg.jp/dbget-bin/www_bget?K06736">
        <graphics name="K06736" fgcolor="#000000" bgcolor="#BFBFFF"
             type="rectangle" x="1313" y="442" width="46" height="17"/>
    </entry>
    <entry id="156" name="ko:K06736" type="ortholog"
        link="https://www.kegg.jp/dbget-bin/www_bget?K06736">
        <graphics name="K06736" fgcolor="#000000" bgcolor="#BFBFFF"
             type="rectangle" x="1229" y="442" width="46" height="17"/>
    </entry>
    <entry id="157" name="ko:K06736" type="ortholog"
        link="https://www.kegg.jp/dbget-bin/www_bget?K06736">
        <graphics name="K06736" fgcolor="#000000" bgcolor="#BFBFFF"
             type="rectangle" x="1314" y="726" width="46" height="17"/>
    </entry>
    <entry id="158" name="ko:K06736" type="ortholog"
        link="https://www.kegg.jp/dbget-bin/www_bget?K06736">
        <graphics name="K06736" fgcolor="#000000" bgcolor="#BFBFFF"
             type="rectangle" x="1230" y="726" width="46" height="17"/>
    </entry>
    <entry id="159" name="ko:K06736" type="ortholog"
        link="https://www.kegg.jp/dbget-bin/www_bget?K06736">
        <graphics name="K06736" fgcolor="#000000" bgcolor="#BFBFFF"
             type="rectangle" x="932" y="821" width="46" height="17"/>
    </entry>
    <entry id="160" name="ko:K06736" type="ortholog"
        link="https://www.kegg.jp/dbget-bin/www_bget?K06736">
        <graphics name="K06736" fgcolor="#000000" bgcolor="#BFBFFF"
             type="rectangle" x="848" y="821" width="46" height="17"/>
    </entry>
    <entry id="161" name="ko:K06491" type="ortholog"
        link="https://www.kegg.jp/dbget-bin/www_bget?K06491">
        <graphics name="K06491" fgcolor="#000000" bgcolor="#BFBFFF"
             type="rectangle" x="932" y="726" width="46" height="17"/>
    </entry>
    <entry id="162" name="ko:K06491" type="ortholog"
        link="https://www.kegg.jp/dbget-bin/www_bget?K06491">
        <graphics name="K06491" fgcolor="#000000" bgcolor="#BFBFFF"
             type="rectangle" x="848" y="726" width="46" height="17"/>
    </entry>
    <entry id="163" name="ko:K06550" type="ortholog"
        link="https://www.kegg.jp/dbget-bin/www_bget?K06550">
        <graphics name="K06550" fgcolor="#000000" bgcolor="#BFBFFF"
             type="rectangle" x="932" y="791" width="46" height="17"/>
    </entry>
    <entry id="164" name="ko:K06550" type="ortholog"
        link="https://www.kegg.jp/dbget-bin/www_bget?K06550">
        <graphics name="K06550" fgcolor="#000000" bgcolor="#BFBFFF"
             type="rectangle" x="848" y="791" width="46" height="17"/>
    </entry>
    <entry id="165" name="ko:K06550" type="ortholog"
        link="https://www.kegg.jp/dbget-bin/www_bget?K06550">
        <graphics name="K06550" fgcolor="#000000" bgcolor="#BFBFFF"
             type="rectangle" x="933" y="219" width="46" height="17"/>
    </entry>
    <entry id="166" name="ko:K06550" type="ortholog"
        link="https://www.kegg.jp/dbget-bin/www_bget?K06550">
        <graphics name="K06550" fgcolor="#000000" bgcolor="#BFBFFF"
             type="rectangle" x="848" y="219" width="46" height="17"/>
    </entry>
    <entry id="167" name="ko:K06491" type="ortholog"
        link="https://www.kegg.jp/dbget-bin/www_bget?K06491">
        <graphics name="K06491" fgcolor="#000000" bgcolor="#BFBFFF"
             type="rectangle" x="933" y="190" width="46" height="17"/>
    </entry>
    <entry id="168" name="ko:K06491" type="ortholog"
        link="https://www.kegg.jp/dbget-bin/www_bget?K06491">
        <graphics name="K06491" fgcolor="#000000" bgcolor="#BFBFFF"
             type="rectangle" x="848" y="190" width="46" height="17"/>
    </entry>
    <entry id="169" name="ko:K06736" type="ortholog"
        link="https://www.kegg.jp/dbget-bin/www_bget?K06736">
        <graphics name="K06736" fgcolor="#000000" bgcolor="#BFBFFF"
             type="rectangle" x="933" y="160" width="46" height="17"/>
    </entry>
    <entry id="170" name="ko:K06736" type="ortholog"
        link="https://www.kegg.jp/dbget-bin/www_bget?K06736">
        <graphics name="K06736" fgcolor="#000000" bgcolor="#BFBFFF"
             type="rectangle" x="848" y="160" width="46" height="17"/>
    </entry>
    <entry id="171" name="ko:K06081" type="ortholog"
        link="https://www.kegg.jp/dbget-bin/www_bget?K06081">
        <graphics name="K06081" fgcolor="#000000" bgcolor="#BFBFFF"
             type="rectangle" x="1313" y="196" width="46" height="17"/>
    </entry>
    <entry id="172" name="ko:K06081" type="ortholog"
        link="https://www.kegg.jp/dbget-bin/www_bget?K06081">
        <graphics name="K06081" fgcolor="#000000" bgcolor="#BFBFFF"
             type="rectangle" x="1229" y="196" width="46" height="17"/>
    </entry>
    <entry id="173" name="ko:K06592" type="ortholog"
        link="https://www.kegg.jp/dbget-bin/www_bget?K06592">
        <graphics name="K06592" fgcolor="#000000" bgcolor="#BFBFFF"
             type="rectangle" x="1230" y="632" width="46" height="17"/>
    </entry>
    <entry id="174" name="ko:K06592" type="ortholog"
        link="https://www.kegg.jp/dbget-bin/www_bget?K06592">
        <graphics name="K06592" fgcolor="#000000" bgcolor="#BFBFFF"
             type="rectangle" x="1314" y="605" width="46" height="17"/>
    </entry>
    <entry id="175" name="ko:K06081" type="ortholog"
        link="https://www.kegg.jp/dbget-bin/www_bget?K06081">
        <graphics name="K06081" fgcolor="#000000" bgcolor="#BFBFFF"
             type="rectangle" x="1314" y="632" width="46" height="17"/>
    </entry>
    <entry id="176" name="ko:K06081" type="ortholog"
        link="https://www.kegg.jp/dbget-bin/www_bget?K06081">
        <graphics name="K06081" fgcolor="#000000" bgcolor="#BFBFFF"
             type="rectangle" x="1230" y="605" width="46" height="17"/>
    </entry>
    <entry id="177" name="ko:K06592" type="ortholog"
        link="https://www.kegg.jp/dbget-bin/www_bget?K06592">
        <graphics name="K06592" fgcolor="#000000" bgcolor="#BFBFFF"
             type="rectangle" x="848" y="132" width="46" height="17"/>
    </entry>
    <entry id="178" name="ko:K06592" type="ortholog"
        link="https://www.kegg.jp/dbget-bin/www_bget?K06592">
        <graphics name="K06592" fgcolor="#000000" bgcolor="#BFBFFF"
             type="rectangle" x="933" y="107" width="46" height="17"/>
    </entry>
    <entry id="179" name="ko:K06081" type="ortholog"
        link="https://www.kegg.jp/dbget-bin/www_bget?K06081">
        <graphics name="K06081" fgcolor="#000000" bgcolor="#BFBFFF"
             type="rectangle" x="933" y="132" width="46" height="17"/>
    </entry>
    <entry id="180" name="ko:K06081" type="ortholog"
        link="https://www.kegg.jp/dbget-bin/www_bget?K06081">
        <graphics name="K06081" fgcolor="#000000" bgcolor="#BFBFFF"
             type="rectangle" x="848" y="107" width="46" height="17"/>
    </entry>
    <entry id="181" name="ko:K06531" type="ortholog"
        link="https://www.kegg.jp/dbget-bin/www_bget?K06531">
        <graphics name="K06531" fgcolor="#000000" bgcolor="#BFBFFF"
             type="rectangle" x="741" y="743" width="46" height="17"/>
    </entry>
    <entry id="182" name="ko:K06539" type="ortholog"
        link="https://www.kegg.jp/dbget-bin/www_bget?K06539">
        <graphics name="K06539" fgcolor="#000000" bgcolor="#BFBFFF"
             type="rectangle" x="741" y="717" width="46" height="17"/>
    </entry>
    <entry id="183" name="ko:K06567" type="ortholog"
        link="https://www.kegg.jp/dbget-bin/www_bget?K06567">
        <graphics name="K06567" fgcolor="#000000" bgcolor="#BFBFFF"
             type="rectangle" x="656" y="730" width="46" height="17"/>
    </entry>
    <entry id="184" name="ko:K06494" type="ortholog"
        link="https://www.kegg.jp/dbget-bin/www_bget?K06494">
        <graphics name="K06494" fgcolor="#000000" bgcolor="#BFBFFF"
             type="rectangle" x="740" y="600" width="46" height="17"/>
    </entry>
    <entry id="185" name="ko:K06816" type="ortholog"
        link="https://www.kegg.jp/dbget-bin/www_bget?K06816">
        <graphics name="K06816" fgcolor="#000000" bgcolor="#BFBFFF"
             type="rectangle" x="656" y="600" width="46" height="17"/>
    </entry>
    <entry id="186" name="ko:K06496" type="ortholog"
        link="https://www.kegg.jp/dbget-bin/www_bget?K06496">
        <graphics name="K06496" fgcolor="#000000" bgcolor="#BFBFFF"
             type="rectangle" x="740" y="561" width="46" height="17"/>
    </entry>
    <entry id="187" name="ko:K06544" type="ortholog"
        link="https://www.kegg.jp/dbget-bin/www_bget?K06544">
        <graphics name="K06544" fgcolor="#000000" bgcolor="#BFBFFF"
             type="rectangle" x="656" y="561" width="46" height="17"/>
    </entry>
    <entry id="188" name="ko:K06474" type="ortholog"
        link="https://www.kegg.jp/dbget-bin/www_bget?K06474">
        <graphics name="K06474" fgcolor="#000000" bgcolor="#BFBFFF"
             type="rectangle" x="741" y="524" width="46" height="17"/>
    </entry>
    <entry id="189" name="ko:K06815" type="ortholog"
        link="https://www.kegg.jp/dbget-bin/www_bget?K06815">
        <graphics name="K06815" fgcolor="#000000" bgcolor="#BFBFFF"
             type="rectangle" x="741" y="495" width="46" height="17"/>
    </entry>
    <entry id="190" name="ko:K06495" type="ortholog"
        link="https://www.kegg.jp/dbget-bin/www_bget?K06495">
        <graphics name="K06495" fgcolor="#000000" bgcolor="#BFBFFF"
             type="rectangle" x="657" y="495" width="46" height="17"/>
    </entry>
    <entry id="191" name="ko:K06779" type="ortholog"
        link="https://www.kegg.jp/dbget-bin/www_bget?K06779">
        <graphics name="K06779" fgcolor="#000000" bgcolor="#BFBFFF"
             type="rectangle" x="742" y="466" width="46" height="17"/>
    </entry>
    <entry id="192" name="ko:K06527" type="ortholog"
        link="https://www.kegg.jp/dbget-bin/www_bget?K06527">
        <graphics name="K06527" fgcolor="#000000" bgcolor="#BFBFFF"
             type="rectangle" x="741" y="378" width="46" height="17"/>
    </entry>
    <entry id="193" name="ko:K06590" type="ortholog"
        link="https://www.kegg.jp/dbget-bin/www_bget?K06590">
        <graphics name="K06590" fgcolor="#000000" bgcolor="#BFBFFF"
             type="rectangle" x="657" y="435" width="46" height="17"/>
    </entry>
    <entry id="194" name="ko:K06585" type="ortholog"
        link="https://www.kegg.jp/dbget-bin/www_bget?K06585">
        <graphics name="K06585" fgcolor="#000000" bgcolor="#BFBFFF"
             type="rectangle" x="657" y="369" width="46" height="17"/>
    </entry>
    <entry id="195" name="ko:K05719" type="ortholog"
        link="https://www.kegg.jp/dbget-bin/www_bget?K05719">
        <graphics name="K05719" fgcolor="#000000" bgcolor="#BFBFFF"
             type="rectangle" x="657" y="386" width="46" height="17"/>
    </entry>
    <entry id="196" name="ko:K05719" type="ortholog"
        link="https://www.kegg.jp/dbget-bin/www_bget?K05719">
        <graphics name="K05719" fgcolor="#000000" bgcolor="#BFBFFF"
             type="rectangle" x="657" y="338" width="46" height="17"/>
    </entry>
    <entry id="197" name="ko:K06483" type="ortholog"
        link="https://www.kegg.jp/dbget-bin/www_bget?K06483">
        <graphics name="K06483" fgcolor="#000000" bgcolor="#BFBFFF"
             type="rectangle" x="657" y="418" width="46" height="17"/>
    </entry>
    <entry id="198" name="ko:K06483" type="ortholog"
        link="https://www.kegg.jp/dbget-bin/www_bget?K06483">
        <graphics name="K06483" fgcolor="#000000" bgcolor="#BFBFFF"
             type="rectangle" x="657" y="321" width="46" height="17"/>
    </entry>
    <entry id="199" name="ko:K06520" type="ortholog"
        link="https://www.kegg.jp/dbget-bin/www_bget?K06520">
        <graphics name="K06520" fgcolor="#000000" bgcolor="#BFBFFF"
             type="rectangle" x="740" y="678" width="46" height="17"/>
    </entry>
    <entry id="200" name="ko:K06520" type="ortholog"
        link="https://www.kegg.jp/dbget-bin/www_bget?K06520">
        <graphics name="K06520" fgcolor="#000000" bgcolor="#BFBFFF"
             type="rectangle" x="656" y="678" width="46" height="17"/>
    </entry>
    <entry id="201" name="ko:K06471" type="ortholog"
        link="https://www.kegg.jp/dbget-bin/www_bget?K06471">
        <graphics name="K06471" fgcolor="#000000" bgcolor="#BFBFFF"
             type="rectangle" x="740" y="639" width="46" height="17"/>
    </entry>
    <entry id="202" name="ko:K06471" type="ortholog"
        link="https://www.kegg.jp/dbget-bin/www_bget?K06471">
        <graphics name="K06471" fgcolor="#000000" bgcolor="#BFBFFF"
             type="rectangle" x="656" y="639" width="46" height="17"/>
    </entry>
    <entry id="203" name="ko:K06492" type="ortholog"
        link="https://www.kegg.jp/dbget-bin/www_bget?K06492">
        <graphics name="K06492" fgcolor="#000000" bgcolor="#BFBFFF"
             type="rectangle" x="740" y="782" width="46" height="17"/>
    </entry>
    <entry id="204" name="ko:K06449" type="ortholog"
        link="https://www.kegg.jp/dbget-bin/www_bget?K06449">
        <graphics name="K06449" fgcolor="#000000" bgcolor="#BFBFFF"
             type="rectangle" x="656" y="782" width="46" height="17"/>
    </entry>
    <entry id="205" name="ko:K06486" type="ortholog"
        link="https://www.kegg.jp/dbget-bin/www_bget?K06486">
        <graphics name="K06486" fgcolor="#000000" bgcolor="#BFBFFF"
             type="rectangle" x="741" y="160" width="46" height="17"/>
    </entry>
    <entry id="206" name="ko:K06490" type="ortholog"
        link="https://www.kegg.jp/dbget-bin/www_bget?K06490">
        <graphics name="K06490" fgcolor="#000000" bgcolor="#BFBFFF"
             type="rectangle" x="741" y="200" width="46" height="17"/>
    </entry>
    <entry id="207" name="ko:K06523" type="ortholog"
        link="https://www.kegg.jp/dbget-bin/www_bget?K06523">
        <graphics name="K06523" fgcolor="#000000" bgcolor="#BFBFFF"
             type="rectangle" x="741" y="250" width="46" height="17"/>
    </entry>
    <entry id="208" name="ko:K06735" type="ortholog"
        link="https://www.kegg.jp/dbget-bin/www_bget?K06735">
        <graphics name="K06735" fgcolor="#000000" bgcolor="#BFBFFF"
             type="rectangle" x="741" y="329" width="46" height="17"/>
    </entry>
    <entry id="209" name="ko:K06785" type="ortholog"
        link="https://www.kegg.jp/dbget-bin/www_bget?K06785">
        <graphics name="K06785" fgcolor="#000000" bgcolor="#BFBFFF"
             type="rectangle" x="741" y="289" width="46" height="17"/>
    </entry>
    <entry id="210" name="ko:K06785" type="ortholog"
        link="https://www.kegg.jp/dbget-bin/www_bget?K06785">
        <graphics name="K06785" fgcolor="#000000" bgcolor="#BFBFFF"
             type="rectangle" x="657" y="289" width="46" height="17"/>
    </entry>
    <entry id="211" name="ko:K06464" type="ortholog"
        link="https://www.kegg.jp/dbget-bin/www_bget?K06464">
        <graphics name="K06464" fgcolor="#000000" bgcolor="#BFBFFF"
             type="rectangle" x="657" y="258" width="46" height="17"/>
    </entry>
    <entry id="212" name="ko:K06461" type="ortholog"
        link="https://www.kegg.jp/dbget-bin/www_bget?K06461">
        <graphics name="K06461" fgcolor="#000000" bgcolor="#BFBFFF"
             type="rectangle" x="657" y="241" width="46" height="17"/>
    </entry>
    <entry id="213" name="ko:K06464" type="ortholog"
        link="https://www.kegg.jp/dbget-bin/www_bget?K06464">
        <graphics name="K06464" fgcolor="#000000" bgcolor="#BFBFFF"
             type="rectangle" x="657" y="210" width="46" height="17"/>
    </entry>
    <entry id="214" name="ko:K05718" type="ortholog"
        link="https://www.kegg.jp/dbget-bin/www_bget?K05718">
        <graphics name="K05718" fgcolor="#000000" bgcolor="#BFBFFF"
             type="rectangle" x="657" y="193" width="46" height="17"/>
    </entry>
    <entry id="215" name="ko:K06089" type="ortholog"
        link="https://www.kegg.jp/dbget-bin/www_bget?K06089">
        <graphics name="K06089" fgcolor="#000000" bgcolor="#BFBFFF"
             type="rectangle" x="741" y="123" width="46" height="17"/>
    </entry>
    <entry id="216" name="ko:K06089" type="ortholog"
        link="https://www.kegg.jp/dbget-bin/www_bget?K06089">
        <graphics name="K06089" fgcolor="#000000" bgcolor="#BFBFFF"
             type="rectangle" x="657" y="123" width="46" height="17"/>
    </entry>
    <entry id="217" name="ko:K06471" type="ortholog"
        link="https://www.kegg.jp/dbget-bin/www_bget?K06471">
        <graphics name="K06471" fgcolor="#000000" bgcolor="#BFBFFF"
             type="rectangle" x="549" y="799" width="46" height="17"/>
    </entry>
    <entry id="218" name="ko:K03161" type="ortholog"
        link="https://www.kegg.jp/dbget-bin/www_bget?K03161">
        <graphics name="K03161" fgcolor="#000000" bgcolor="#BFBFFF"
             type="rectangle" x="465" y="769" width="46" height="17"/>
    </entry>
    <entry id="219" name="ko:K06089" type="ortholog"
        link="https://www.kegg.jp/dbget-bin/www_bget?K06089">
        <graphics name="K06089" fgcolor="#000000" bgcolor="#BFBFFF"
             type="rectangle" x="549" y="739" width="46" height="17"/>
    </entry>
    <entry id="220" name="ko:K06089" type="ortholog"
        link="https://www.kegg.jp/dbget-bin/www_bget?K06089">
        <graphics name="K06089" fgcolor="#000000" bgcolor="#BFBFFF"
             type="rectangle" x="465" y="739" width="46" height="17"/>
    </entry>
    <entry id="221" name="ko:K06523" type="ortholog"
        link="https://www.kegg.jp/dbget-bin/www_bget?K06523">
        <graphics name="K06523" fgcolor="#000000" bgcolor="#BFBFFF"
             type="rectangle" x="549" y="636" width="46" height="17"/>
    </entry>
    <entry id="222" name="ko:K03161" type="ortholog"
        link="https://www.kegg.jp/dbget-bin/www_bget?K03161">
        <graphics name="K03161" fgcolor="#000000" bgcolor="#BFBFFF"
             type="rectangle" x="549" y="600" width="46" height="17"/>
    </entry>
    <entry id="223" name="ko:K06496" type="ortholog"
        link="https://www.kegg.jp/dbget-bin/www_bget?K06496">
        <graphics name="K06496" fgcolor="#000000" bgcolor="#BFBFFF"
             type="rectangle" x="549" y="572" width="46" height="17"/>
    </entry>
    <entry id="224" name="ko:K06785" type="ortholog"
        link="https://www.kegg.jp/dbget-bin/www_bget?K06785">
        <graphics name="K06785" fgcolor="#000000" bgcolor="#BFBFFF"
             type="rectangle" x="549" y="537" width="46" height="17"/>
    </entry>
    <entry id="225" name="ko:K06464" type="ortholog"
        link="https://www.kegg.jp/dbget-bin/www_bget?K06464">
        <graphics name="K06464" fgcolor="#000000" bgcolor="#BFBFFF"
             type="rectangle" x="465" y="545" width="46" height="17"/>
    </entry>
    <entry id="226" name="ko:K06520" type="ortholog"
        link="https://www.kegg.jp/dbget-bin/www_bget?K06520">
        <graphics name="K06520" fgcolor="#000000" bgcolor="#BFBFFF"
             type="rectangle" x="549" y="362" width="46" height="17"/>
    </entry>
    <entry id="227" name="ko:K06471" type="ortholog"
        link="https://www.kegg.jp/dbget-bin/www_bget?K06471">
        <graphics name="K06471" fgcolor="#000000" bgcolor="#BFBFFF"
             type="rectangle" x="549" y="330" width="46" height="17"/>
    </entry>
    <entry id="228" name="ko:K06533" type="ortholog"
        link="https://www.kegg.jp/dbget-bin/www_bget?K06533">
        <graphics name="K06533" fgcolor="#000000" bgcolor="#BFBFFF"
             type="rectangle" x="549" y="299" width="46" height="17"/>
    </entry>
    <entry id="229" name="ko:K06787" type="ortholog"
        link="https://www.kegg.jp/dbget-bin/www_bget?K06787">
        <graphics name="K06787" fgcolor="#000000" bgcolor="#BFBFFF"
             type="rectangle" x="549" y="268" width="46" height="17"/>
    </entry>
    <entry id="230" name="ko:K06785" type="ortholog"
        link="https://www.kegg.jp/dbget-bin/www_bget?K06785">
        <graphics name="K06785" fgcolor="#000000" bgcolor="#BFBFFF"
             type="rectangle" x="549" y="237" width="46" height="17"/>
    </entry>
    <entry id="231" name="ko:K06735" type="ortholog"
        link="https://www.kegg.jp/dbget-bin/www_bget?K06735">
        <graphics name="K06735" fgcolor="#000000" bgcolor="#BFBFFF"
             type="rectangle" x="549" y="206" width="46" height="17"/>
    </entry>
    <entry id="232" name="ko:K06089" type="ortholog"
        link="https://www.kegg.jp/dbget-bin/www_bget?K06089">
        <graphics name="K06089" fgcolor="#000000" bgcolor="#BFBFFF"
             type="rectangle" x="549" y="174" width="46" height="17"/>
    </entry>
    <entry id="233" name="ko:K06464" type="ortholog"
        link="https://www.kegg.jp/dbget-bin/www_bget?K06464">
        <graphics name="K06464" fgcolor="#000000" bgcolor="#BFBFFF"
             type="rectangle" x="273" y="768" width="46" height="17"/>
    </entry>
    <entry id="234" name="ko:K05718" type="ortholog"
        link="https://www.kegg.jp/dbget-bin/www_bget?K05718">
        <graphics name="K05718" fgcolor="#000000" bgcolor="#BFBFFF"
             type="rectangle" x="273" y="751" width="46" height="17"/>
    </entry>
    <entry id="235" name="ko:K06486 ko:K06490 ko:K06523" type="ortholog"
        link="https://www.kegg.jp/dbget-bin/www_bget?K06486+K06490+K06523">
        <graphics name="K06486..." fgcolor="#000000" bgcolor="#BFBFFF"
             type="rectangle" x="357" y="759" width="46" height="17"/>
    </entry>
    <entry id="236" name="ko:K06464" type="ortholog"
        link="https://www.kegg.jp/dbget-bin/www_bget?K06464">
        <graphics name="K06464" fgcolor="#000000" bgcolor="#BFBFFF"
             type="rectangle" x="357" y="728" width="46" height="17"/>
    </entry>
    <entry id="237" name="ko:K05718" type="ortholog"
        link="https://www.kegg.jp/dbget-bin/www_bget?K05718">
        <graphics name="K05718" fgcolor="#000000" bgcolor="#BFBFFF"
             type="rectangle" x="357" y="711" width="46" height="17"/>
    </entry>
    <entry id="238" name="ko:K06486 ko:K06490 ko:K06523" type="ortholog"
        link="https://www.kegg.jp/dbget-bin/www_bget?K06486+K06490+K06523">
        <graphics name="K06486..." fgcolor="#000000" bgcolor="#BFBFFF"
             type="rectangle" x="273" y="719" width="46" height="17"/>
    </entry>
    <entry id="239" name="ko:K06708" type="ortholog"
        link="https://www.kegg.jp/dbget-bin/www_bget?K06708">
        <graphics name="K06708" fgcolor="#000000" bgcolor="#BFBFFF"
             type="rectangle" x="357" y="683" width="46" height="17"/>
    </entry>
    <entry id="240" name="ko:K06745" type="ortholog"
        link="https://www.kegg.jp/dbget-bin/www_bget?K06745">
        <graphics name="K06745" fgcolor="#000000" bgcolor="#BFBFFF"
             type="rectangle" x="357" y="658" width="46" height="17"/>
    </entry>
    <entry id="241" name="ko:K06744" type="ortholog"
        link="https://www.kegg.jp/dbget-bin/www_bget?K06744">
        <graphics name="K06744" fgcolor="#000000" bgcolor="#BFBFFF"
             type="rectangle" x="273" y="683" width="46" height="17"/>
    </entry>
    <entry id="242" name="ko:K03161" type="ortholog"
        link="https://www.kegg.jp/dbget-bin/www_bget?K03161">
        <graphics name="K03161" fgcolor="#000000" bgcolor="#BFBFFF"
             type="rectangle" x="273" y="629" width="46" height="17"/>
    </entry>
    <entry id="243" name="ko:K06454" type="ortholog"
        link="https://www.kegg.jp/dbget-bin/www_bget?K06454">
        <graphics name="K06454" fgcolor="#000000" bgcolor="#BFBFFF"
             type="rectangle" x="273" y="595" width="46" height="17"/>
    </entry>
    <entry id="244" name="ko:K06752" type="ortholog"
        link="https://www.kegg.jp/dbget-bin/www_bget?K06752">
        <graphics name="K06752" fgcolor="#000000" bgcolor="#BFBFFF"
             type="rectangle" x="358" y="566" width="46" height="17"/>
    </entry>
    <entry id="245" name="ko:K05413" type="ortholog"
        link="https://www.kegg.jp/dbget-bin/www_bget?K05413">
        <graphics name="K05413" fgcolor="#000000" bgcolor="#BFBFFF"
             type="rectangle" x="358" y="527" width="46" height="17"/>
    </entry>
    <entry id="246" name="ko:K05412" type="ortholog"
        link="https://www.kegg.jp/dbget-bin/www_bget?K05412">
        <graphics name="K05412" fgcolor="#000000" bgcolor="#BFBFFF"
             type="rectangle" x="358" y="498" width="46" height="17"/>
    </entry>
    <entry id="247" name="ko:K06470" type="ortholog"
        link="https://www.kegg.jp/dbget-bin/www_bget?K06470">
        <graphics name="K06470" fgcolor="#000000" bgcolor="#BFBFFF"
             type="rectangle" x="273" y="498" width="46" height="17"/>
    </entry>
    <entry id="248" name="ko:K06492" type="ortholog"
        link="https://www.kegg.jp/dbget-bin/www_bget?K06492">
        <graphics name="K06492" fgcolor="#000000" bgcolor="#BFBFFF"
             type="rectangle" x="358" y="469" width="46" height="17"/>
    </entry>
    <entry id="249" name="ko:K06449" type="ortholog"
        link="https://www.kegg.jp/dbget-bin/www_bget?K06449">
        <graphics name="K06449" fgcolor="#000000" bgcolor="#BFBFFF"
             type="rectangle" x="273" y="469" width="46" height="17"/>
    </entry>
    <entry id="250" name="ko:K03161" type="ortholog"
        link="https://www.kegg.jp/dbget-bin/www_bget?K03161">
        <graphics name="K03161" fgcolor="#000000" bgcolor="#BFBFFF"
             type="rectangle" x="273" y="317" width="46" height="17"/>
    </entry>
    <entry id="251" name="ko:K06486 ko:K06490 ko:K06523" type="ortholog"
        link="https://www.kegg.jp/dbget-bin/www_bget?K06486+K06490+K06523">
        <graphics name="K06486..." fgcolor="#000000" bgcolor="#BFBFFF"
             type="rectangle" x="358" y="283" width="46" height="17"/>
    </entry>
    <entry id="252" name="ko:K06464" type="ortholog"
        link="https://www.kegg.jp/dbget-bin/www_bget?K06464">
        <graphics name="K06464" fgcolor="#000000" bgcolor="#BFBFFF"
             type="rectangle" x="273" y="292" width="46" height="17"/>
    </entry>
    <entry id="253" name="ko:K05718" type="ortholog"
        link="https://www.kegg.jp/dbget-bin/www_bget?K05718">
        <graphics name="K05718" fgcolor="#000000" bgcolor="#BFBFFF"
             type="rectangle" x="273" y="275" width="46" height="17"/>
    </entry>
    <entry id="254" name="ko:K06751" type="ortholog"
        link="https://www.kegg.jp/dbget-bin/www_bget?K06751">
        <graphics name="K06751" fgcolor="#000000" bgcolor="#BFBFFF"
             type="rectangle" x="358" y="225" width="46" height="17"/>
    </entry>
    <entry id="255" name="ko:K05413" type="ortholog"
        link="https://www.kegg.jp/dbget-bin/www_bget?K05413">
        <graphics name="K05413" fgcolor="#000000" bgcolor="#BFBFFF"
             type="rectangle" x="358" y="194" width="46" height="17"/>
    </entry>
    <entry id="256" name="ko:K05412" type="ortholog"
        link="https://www.kegg.jp/dbget-bin/www_bget?K05412">
        <graphics name="K05412" fgcolor="#000000" bgcolor="#BFBFFF"
             type="rectangle" x="358" y="170" width="46" height="17"/>
    </entry>
    <entry id="257" name="ko:K06470" type="ortholog"
        link="https://www.kegg.jp/dbget-bin/www_bget?K06470">
        <graphics name="K06470" fgcolor="#000000" bgcolor="#BFBFFF"
             type="rectangle" x="273" y="170" width="46" height="17"/>
    </entry>
    <entry id="258" name="ko:K06492" type="ortholog"
        link="https://www.kegg.jp/dbget-bin/www_bget?K06492">
        <graphics name="K06492" fgcolor="#000000" bgcolor="#BFBFFF"
             type="rectangle" x="358" y="149" width="46" height="17"/>
    </entry>
    <entry id="259" name="ko:K06449" type="ortholog"
        link="https://www.kegg.jp/dbget-bin/www_bget?K06449">
        <graphics name="K06449" fgcolor="#000000" bgcolor="#BFBFFF"
             type="rectangle" x="273" y="149" width="46" height="17"/>
    </entry>
    <entry id="260" name="ko:K06486 ko:K06490 ko:K06523" type="ortholog"
        link="https://www.kegg.jp/dbget-bin/www_bget?K06486+K06490+K06523">
        <graphics name="K06486..." fgcolor="#000000" bgcolor="#BFBFFF"
             type="rectangle" x="83" y="743" width="46" height="17"/>
    </entry>
    <entry id="261" name="ko:K06464" type="ortholog"
        link="https://www.kegg.jp/dbget-bin/www_bget?K06464">
        <graphics name="K06464" fgcolor="#000000" bgcolor="#BFBFFF"
             type="rectangle" x="168" y="752" width="46" height="17"/>
    </entry>
    <entry id="262" name="ko:K05718" type="ortholog"
        link="https://www.kegg.jp/dbget-bin/www_bget?K05718">
        <graphics name="K05718" fgcolor="#000000" bgcolor="#BFBFFF"
             type="rectangle" x="168" y="735" width="46" height="17"/>
    </entry>
    <entry id="263" name="ko:K06471" type="ortholog"
        link="https://www.kegg.jp/dbget-bin/www_bget?K06471">
        <graphics name="K06471" fgcolor="#000000" bgcolor="#BFBFFF"
             type="rectangle" x="465" y="799" width="46" height="17"/>
    </entry>
    <entry id="264" name="ko:K06544" type="ortholog"
        link="https://www.kegg.jp/dbget-bin/www_bget?K06544">
        <graphics name="K06544" fgcolor="#000000" bgcolor="#BFBFFF"
             type="rectangle" x="465" y="572" width="46" height="17"/>
    </entry>
    <entry id="265" name="ko:K06461" type="ortholog"
        link="https://www.kegg.jp/dbget-bin/www_bget?K06461">
        <graphics name="K06461" fgcolor="#000000" bgcolor="#BFBFFF"
             type="rectangle" x="465" y="528" width="46" height="17"/>
    </entry>
    <entry id="266" name="ko:K06520" type="ortholog"
        link="https://www.kegg.jp/dbget-bin/www_bget?K06520">
        <graphics name="K06520" fgcolor="#000000" bgcolor="#BFBFFF"
             type="rectangle" x="465" y="362" width="46" height="17"/>
    </entry>
    <entry id="267" name="ko:K03160" type="ortholog"
        link="https://www.kegg.jp/dbget-bin/www_bget?K03160">
        <graphics name="K03160" fgcolor="#000000" bgcolor="#BFBFFF"
             type="rectangle" x="83" y="553" width="46" height="17"/>
    </entry>
    <entry id="268" name="ko:K06464" type="ortholog"
        link="https://www.kegg.jp/dbget-bin/www_bget?K06464">
        <graphics name="K06464" fgcolor="#000000" bgcolor="#BFBFFF"
             type="rectangle" x="83" y="712" width="46" height="17"/>
    </entry>
    <entry id="269" name="ko:K06735" type="ortholog"
        link="https://www.kegg.jp/dbget-bin/www_bget?K06735">
        <graphics name="K06735" fgcolor="#000000" bgcolor="#BFBFFF"
             type="rectangle" x="465" y="206" width="46" height="17"/>
    </entry>
    <entry id="270" name="ko:K06787" type="ortholog"
        link="https://www.kegg.jp/dbget-bin/www_bget?K06787">
        <graphics name="K06787" fgcolor="#000000" bgcolor="#BFBFFF"
             type="rectangle" x="465" y="268" width="46" height="17"/>
    </entry>
    <entry id="271" name="ko:K06089" type="ortholog"
        link="https://www.kegg.jp/dbget-bin/www_bget?K06089">
        <graphics name="K06089" fgcolor="#000000" bgcolor="#BFBFFF"
             type="rectangle" x="465" y="174" width="46" height="17"/>
    </entry>
    <entry id="272" name="ko:K06088" type="ortholog"
        link="https://www.kegg.jp/dbget-bin/www_bget?K06088">
        <graphics name="K06088" fgcolor="#000000" bgcolor="#BFBFFF"
             type="rectangle" x="549" y="143" width="46" height="17"/>
    </entry>
    <entry id="273" name="ko:K06088" type="ortholog"
        link="https://www.kegg.jp/dbget-bin/www_bget?K06088">
        <graphics name="K06088" fgcolor="#000000" bgcolor="#BFBFFF"
             type="rectangle" x="465" y="143" width="46" height="17"/>
    </entry>
    <entry id="274" name="ko:K06087" type="ortholog"
        link="https://www.kegg.jp/dbget-bin/www_bget?K06087">
        <graphics name="K06087" fgcolor="#000000" bgcolor="#BFBFFF"
             type="rectangle" x="549" y="112" width="46" height="17"/>
    </entry>
    <entry id="275" name="ko:K06087" type="ortholog"
        link="https://www.kegg.jp/dbget-bin/www_bget?K06087">
        <graphics name="K06087" fgcolor="#000000" bgcolor="#BFBFFF"
             type="rectangle" x="465" y="112" width="46" height="17"/>
    </entry>
    <entry id="276" name="path:ko04530" type="map"
        link="https://www.kegg.jp/dbget-bin/www_bget?ko04530">
        <graphics name="Tight junction" fgcolor="#000000" bgcolor="#FFFFFF"
             type="roundrectangle" x="507" y="405" width="103" height="25"/>
    </entry>
    <entry id="277" name="path:ko04610" type="map"
        link="https://www.kegg.jp/dbget-bin/www_bget?ko04610">
        <graphics name="Complement and coagulation cascades" fgcolor="#000000" bgcolor="#FFFFFF"
             type="roundrectangle" x="507" y="853" width="103" height="34"/>
    </entry>
    <entry id="278" name="path:ko04530" type="map"
        link="https://www.kegg.jp/dbget-bin/www_bget?ko04530">
        <graphics name="Tight junction" fgcolor="#000000" bgcolor="#FFFFFF"
             type="roundrectangle" x="1272" y="298" width="103" height="34"/>
    </entry>
    <entry id="279" name="ko:K06088" type="ortholog"
        link="https://www.kegg.jp/dbget-bin/www_bget?K06088">
        <graphics name="K06088" fgcolor="#000000" bgcolor="#BFBFFF"
             type="rectangle" x="1313" y="141" width="46" height="17"/>
    </entry>
    <entry id="280" name="ko:K06089" type="ortholog"
        link="https://www.kegg.jp/dbget-bin/www_bget?K06089">
        <graphics name="K06089" fgcolor="#000000" bgcolor="#BFBFFF"
             type="rectangle" x="1313" y="169" width="46" height="17"/>
    </entry>
    <entry id="281" name="ko:K06087" type="ortholog"
        link="https://www.kegg.jp/dbget-bin/www_bget?K06087">
        <graphics name="K06087" fgcolor="#000000" bgcolor="#BFBFFF"
             type="rectangle" x="1313" y="114" width="46" height="17"/>
    </entry>
    <entry id="282" name="ko:K06486 ko:K06490 ko:K06523" type="ortholog"
        link="https://www.kegg.jp/dbget-bin/www_bget?K06486+K06490+K06523">
        <graphics name="K06486..." fgcolor="#000000" bgcolor="#BFBFFF"
             type="rectangle" x="168" y="704" width="46" height="17"/>
    </entry>
    <entry id="283" name="ko:K06454" type="ortholog"
        link="https://www.kegg.jp/dbget-bin/www_bget?K06454">
        <graphics name="K06454" fgcolor="#000000" bgcolor="#BFBFFF"
             type="rectangle" x="167" y="353" width="46" height="17"/>
    </entry>
    <entry id="284" name="ko:K06713" type="ortholog"
        link="https://www.kegg.jp/dbget-bin/www_bget?K06713">
        <graphics name="K06713" fgcolor="#000000" bgcolor="#BFBFFF"
             type="rectangle" x="167" y="285" width="46" height="17"/>
    </entry>
    <entry id="285" name="ko:K06746" type="ortholog"
        link="https://www.kegg.jp/dbget-bin/www_bget?K06746">
        <graphics name="K06746" fgcolor="#000000" bgcolor="#BFBFFF"
             type="rectangle" x="83" y="497" width="46" height="17"/>
    </entry>
    <entry id="286" name="ko:K03161" type="ortholog"
        link="https://www.kegg.jp/dbget-bin/www_bget?K03161">
        <graphics name="K03161" fgcolor="#000000" bgcolor="#BFBFFF"
             type="rectangle" x="167" y="553" width="46" height="17"/>
    </entry>
    <entry id="287" name="ko:K06708" type="ortholog"
        link="https://www.kegg.jp/dbget-bin/www_bget?K06708">
        <graphics name="K06708" fgcolor="#000000" bgcolor="#BFBFFF"
             type="rectangle" x="83" y="468" width="46" height="17"/>
    </entry>
    <entry id="288" name="ko:K06745" type="ortholog"
        link="https://www.kegg.jp/dbget-bin/www_bget?K06745">
        <graphics name="K06745" fgcolor="#000000" bgcolor="#BFBFFF"
             type="rectangle" x="83" y="440" width="46" height="17"/>
    </entry>
    <entry id="289" name="ko:K06471" type="ortholog"
        link="https://www.kegg.jp/dbget-bin/www_bget?K06471">
        <graphics name="K06471" fgcolor="#000000" bgcolor="#BFBFFF"
             type="rectangle" x="465" y="330" width="46" height="17"/>
    </entry>
    <entry id="290" name="ko:K06478" type="ortholog"
        link="https://www.kegg.jp/dbget-bin/www_bget?K06478">
        <graphics name="K06478" fgcolor="#000000" bgcolor="#BFBFFF"
             type="rectangle" x="273" y="799" width="46" height="17"/>
    </entry>
    <entry id="291" name="ko:K06710" type="ortholog"
        link="https://www.kegg.jp/dbget-bin/www_bget?K06710">
        <graphics name="K06710" fgcolor="#000000" bgcolor="#BFBFFF"
             type="rectangle" x="83" y="285" width="46" height="17"/>
    </entry>
    <entry id="292" name="ko:K06744" type="ortholog"
        link="https://www.kegg.jp/dbget-bin/www_bget?K06744">
        <graphics name="K06744" fgcolor="#000000" bgcolor="#BFBFFF"
             type="rectangle" x="167" y="468" width="46" height="17"/>
    </entry>
    <entry id="293" name="ko:K06533" type="ortholog"
        link="https://www.kegg.jp/dbget-bin/www_bget?K06533">
        <graphics name="K06533" fgcolor="#000000" bgcolor="#BFBFFF"
             type="rectangle" x="465" y="299" width="46" height="17"/>
    </entry>
    <entry id="294" name="ko:K06751" type="ortholog"
        link="https://www.kegg.jp/dbget-bin/www_bget?K06751">
        <graphics name="K06751" fgcolor="#000000" bgcolor="#BFBFFF"
             type="rectangle" x="83" y="387" width="46" height="17"/>
    </entry>
    <entry id="295" name="ko:K06752" type="ortholog"
        link="https://www.kegg.jp/dbget-bin/www_bget?K06752">
        <graphics name="K06752" fgcolor="#000000" bgcolor="#BFBFFF"
             type="rectangle" x="83" y="324" width="46" height="17"/>
    </entry>
    <entry id="296" name="path:ko04520" type="map"
        link="https://www.kegg.jp/dbget-bin/www_bget?ko04520">
        <graphics name="Adherens junction" fgcolor="#000000" bgcolor="#FFFFFF"
             type="roundrectangle" x="1272" y="346" width="103" height="34"/>
    </entry>
    <entry id="297" name="ko:K06567" type="ortholog"
        link="https://www.kegg.jp/dbget-bin/www_bget?K06567">
        <graphics name="K06567" fgcolor="#000000" bgcolor="#BFBFFF"
             type="rectangle" x="168" y="678" width="46" height="17"/>
    </entry>
    <entry id="298" name="ko:K06089" type="ortholog"
        link="https://www.kegg.jp/dbget-bin/www_bget?K06089">
        <graphics name="K06089" fgcolor="#000000" bgcolor="#BFBFFF"
             type="rectangle" x="1229" y="169" width="46" height="17"/>
    </entry>
    <entry id="299" name="ko:K05412" type="ortholog"
        link="https://www.kegg.jp/dbget-bin/www_bget?K05412">
        <graphics name="K05412" fgcolor="#000000" bgcolor="#BFBFFF"
             type="rectangle" x="83" y="232" width="46" height="17"/>
    </entry>
    <entry id="300" name="ko:K06785" type="ortholog"
        link="https://www.kegg.jp/dbget-bin/www_bget?K06785">
        <graphics name="K06785" fgcolor="#000000" bgcolor="#BFBFFF"
             type="rectangle" x="465" y="237" width="46" height="17"/>
    </entry>
    <entry id="301" name="ko:K05718" type="ortholog"
        link="https://www.kegg.jp/dbget-bin/www_bget?K05718">
        <graphics name="K05718" fgcolor="#000000" bgcolor="#BFBFFF"
             type="rectangle" x="83" y="695" width="46" height="17"/>
    </entry>
    <entry id="302" name="ko:K06458 ko:K06459" type="ortholog"
        link="https://www.kegg.jp/dbget-bin/www_bget?K06458+K06459">
        <graphics name="K06458..." fgcolor="#000000" bgcolor="#BFBFFF"
             type="rectangle" x="167" y="416" width="46" height="17"/>
    </entry>
    <entry id="303" name="ko:K06467" type="ortholog"
        link="https://www.kegg.jp/dbget-bin/www_bget?K06467">
        <graphics name="K06467" fgcolor="#000000" bgcolor="#BFBFFF"
             type="rectangle" x="358" y="799" width="46" height="17"/>
    </entry>
    <entry id="304" name="ko:K06087" type="ortholog"
        link="https://www.kegg.jp/dbget-bin/www_bget?K06087">
        <graphics name="K06087" fgcolor="#000000" bgcolor="#BFBFFF"
             type="rectangle" x="1229" y="114" width="46" height="17"/>
    </entry>
    <entry id="305" name="ko:K06538" type="ortholog"
        link="https://www.kegg.jp/dbget-bin/www_bget?K06538">
        <graphics name="K06538" fgcolor="#000000" bgcolor="#BFBFFF"
             type="rectangle" x="167" y="259" width="46" height="17"/>
    </entry>
    <entry id="306" name="ko:K06470" type="ortholog"
        link="https://www.kegg.jp/dbget-bin/www_bget?K06470">
        <graphics name="K06470" fgcolor="#000000" bgcolor="#BFBFFF"
             type="rectangle" x="167" y="232" width="46" height="17"/>
    </entry>
    <entry id="307" name="ko:K05413" type="ortholog"
        link="https://www.kegg.jp/dbget-bin/www_bget?K05413">
        <graphics name="K05413" fgcolor="#000000" bgcolor="#BFBFFF"
             type="rectangle" x="83" y="259" width="46" height="17"/>
    </entry>
    <entry id="308" name="ko:K06088" type="ortholog"
        link="https://www.kegg.jp/dbget-bin/www_bget?K06088">
        <graphics name="K06088" fgcolor="#000000" bgcolor="#BFBFFF"
             type="rectangle" x="1229" y="141" width="46" height="17"/>
    </entry>
    <entry id="309" name="ko:K06492" type="ortholog"
        link="https://www.kegg.jp/dbget-bin/www_bget?K06492">
        <graphics name="K06492" fgcolor="#000000" bgcolor="#BFBFFF"
             type="rectangle" x="83" y="149" width="46" height="17"/>
    </entry>
    <entry id="310" name="ko:K06449" type="ortholog"
        link="https://www.kegg.jp/dbget-bin/www_bget?K06449">
        <graphics name="K06449" fgcolor="#000000" bgcolor="#BFBFFF"
             type="rectangle" x="167" y="149" width="46" height="17"/>
    </entry>
    <entry id="311" name="path:ko04514" type="map"
        link="https://www.kegg.jp/dbget-bin/www_bget?ko04514">
        <graphics name="TITLE:Cell adhesion molecules" fgcolor="#000000" bgcolor="#FFFFFF"
             type="roundrectangle" x="157" y="58" width="233" height="25"/>
    </entry>
    <entry id="439" name="ko:K06745" type="ortholog"
        link="https://www.kegg.jp/dbget-bin/www_bget?K06745">
        <graphics name="K06745" fgcolor="#000000" bgcolor="#BFBFFF"
             type="rectangle" x="167" y="205" width="46" height="17"/>
    </entry>
    <entry id="442" name="ko:K06747" type="ortholog"
        link="https://www.kegg.jp/dbget-bin/www_bget?K06747">
        <graphics name="K06747" fgcolor="#000000" bgcolor="#BFBFFF"
             type="rectangle" x="83" y="525" width="46" height="17"/>
    </entry>
    <entry id="443" name="ko:K06567" type="ortholog"
        link="https://www.kegg.jp/dbget-bin/www_bget?K06567">
        <graphics name="K06567" fgcolor="#000000" bgcolor="#BFBFFF"
             type="rectangle" x="167" y="614" width="46" height="17"/>
    </entry>
    <entry id="444" name="ko:K06531" type="ortholog"
        link="https://www.kegg.jp/dbget-bin/www_bget?K06531">
        <graphics name="K06531" fgcolor="#000000" bgcolor="#BFBFFF"
             type="rectangle" x="83" y="640" width="46" height="17"/>
    </entry>
    <entry id="445" name="ko:K06539" type="ortholog"
        link="https://www.kegg.jp/dbget-bin/www_bget?K06539">
        <graphics name="K06539" fgcolor="#000000" bgcolor="#BFBFFF"
             type="rectangle" x="83" y="614" width="46" height="17"/>
    </entry>
    <entry id="446" name="ko:K16350" type="ortholog"
        link="https://www.kegg.jp/dbget-bin/www_bget?K16350">
        <graphics name="K16350" fgcolor="#000000" bgcolor="#BFBFFF"
             type="rectangle" x="167" y="638" width="46" height="17"/>
    </entry>
    <entry id="451" name="ko:K06745" type="ortholog"
        link="https://www.kegg.jp/dbget-bin/www_bget?K06745">
        <graphics name="K06745" fgcolor="#000000" bgcolor="#BFBFFF"
             type="rectangle" x="273" y="527" width="46" height="17"/>
    </entry>
    <entry id="453" name="ko:K06745" type="ortholog"
        link="https://www.kegg.jp/dbget-bin/www_bget?K06745">
        <graphics name="K06745" fgcolor="#000000" bgcolor="#BFBFFF"
             type="rectangle" x="273" y="194" width="46" height="17"/>
    </entry>
    <entry id="456" name="ko:K06567" type="ortholog"
        link="https://www.kegg.jp/dbget-bin/www_bget?K06567">
        <graphics name="K06567" fgcolor="#000000" bgcolor="#BFBFFF"
             type="rectangle" x="273" y="343" width="46" height="17"/>
    </entry>
    <entry id="457" name="ko:K06531" type="ortholog"
        link="https://www.kegg.jp/dbget-bin/www_bget?K06531">
        <graphics name="K06531" fgcolor="#000000" bgcolor="#BFBFFF"
             type="rectangle" x="358" y="365" width="46" height="17"/>
    </entry>
    <entry id="458" name="ko:K06539" type="ortholog"
        link="https://www.kegg.jp/dbget-bin/www_bget?K06539">
        <graphics name="K06539" fgcolor="#000000" bgcolor="#BFBFFF"
             type="rectangle" x="358" y="343" width="46" height="17"/>
    </entry>
    <entry id="459" name="ko:K16350" type="ortholog"
        link="https://www.kegg.jp/dbget-bin/www_bget?K16350">
        <graphics name="K16350" fgcolor="#000000" bgcolor="#BFBFFF"
             type="rectangle" x="273" y="365" width="46" height="17"/>
    </entry>
    <entry id="462" name="ko:K06592" type="ortholog"
        link="https://www.kegg.jp/dbget-bin/www_bget?K06592">
        <graphics name="K06592" fgcolor="#000000" bgcolor="#BFBFFF"
             type="rectangle" x="358" y="386" width="46" height="17"/>
    </entry>
    <entry id="471" name="ko:K06257 ko:K16336 ko:K16337 ko:K16338" type="ortholog"
        link="https://www.kegg.jp/dbget-bin/www_bget?K06257+K16336+K16337+K16338">
        <graphics name="K06257..." fgcolor="#000000" bgcolor="#BFBFFF"
             type="rectangle" x="848" y="388" width="46" height="17"/>
    </entry>
    <entry id="472" name="ko:K07522" type="ortholog"
        link="https://www.kegg.jp/dbget-bin/www_bget?K07522">
        <graphics name="K07522" fgcolor="#000000" bgcolor="#BFBFFF"
             type="rectangle" x="848" y="307" width="46" height="17"/>
    </entry>
    <entry id="473" name="ko:K16359" type="ortholog"
        link="https://www.kegg.jp/dbget-bin/www_bget?K16359">
        <graphics name="K16359" fgcolor="#000000" bgcolor="#BFBFFF"
             type="rectangle" x="848" y="333" width="46" height="17"/>
    </entry>
    <entry id="474" name="ko:K07523" type="ortholog"
        link="https://www.kegg.jp/dbget-bin/www_bget?K07523">
        <graphics name="K07523" fgcolor="#000000" bgcolor="#BFBFFF"
             type="rectangle" x="933" y="307" width="46" height="17"/>
    </entry>
    <entry id="475" name="ko:K16351" type="ortholog"
        link="https://www.kegg.jp/dbget-bin/www_bget?K16351">
        <graphics name="K16351" fgcolor="#000000" bgcolor="#BFBFFF"
             type="rectangle" x="933" y="333" width="46" height="17"/>
    </entry>
    <entry id="476" name="ko:K16360" type="ortholog"
        link="https://www.kegg.jp/dbget-bin/www_bget?K16360">
        <graphics name="K16360" fgcolor="#000000" bgcolor="#BFBFFF"
             type="rectangle" x="933" y="362" width="46" height="17"/>
    </entry>
    <entry id="481" name="ko:K23268" type="ortholog"
        link="https://www.kegg.jp/dbget-bin/www_bget?K23268">
        <graphics name="K23268" fgcolor="#000000" bgcolor="#BFBFFF"
             type="rectangle" x="83" y="177" width="46" height="17"/>
    </entry>
    <entry id="482" name="ko:K06791" type="ortholog"
        link="https://www.kegg.jp/dbget-bin/www_bget?K06791">
        <graphics name="K06791" fgcolor="#000000" bgcolor="#BFBFFF"
             type="rectangle" x="167" y="177" width="46" height="17"/>
    </entry>
    <entry id="484" name="ko:K06778" type="ortholog"
        link="https://www.kegg.jp/dbget-bin/www_bget?K06778">
        <graphics name="K06778" fgcolor="#000000" bgcolor="#BFBFFF"
             type="rectangle" x="848" y="531" width="46" height="17"/>
    </entry>
    <entry id="485" name="ko:K25832 ko:K25833 ko:K25835 ko:K25836 ko:K25837" type="ortholog"
        link="https://www.kegg.jp/dbget-bin/www_bget?K25832+K25833+K25835+K25836+K25837">
        <graphics name="K25832..." fgcolor="#000000" bgcolor="#BFBFFF"
             type="rectangle" x="933" y="531" width="46" height="17"/>
    </entry>
    <entry id="486" name="ko:K06777" type="ortholog"
        link="https://www.kegg.jp/dbget-bin/www_bget?K06777">
        <graphics name="K06777" fgcolor="#000000" bgcolor="#BFBFFF"
             type="rectangle" x="848" y="555" width="46" height="17"/>
    </entry>
    <entry id="487" name="ko:K25834" type="ortholog"
        link="https://www.kegg.jp/dbget-bin/www_bget?K25834">
        <graphics name="K25834" fgcolor="#000000" bgcolor="#BFBFFF"
             type="rectangle" x="933" y="555" width="46" height="17"/>
    </entry>
    <entry id="488" name="undefined" type="group">
        <graphics fgcolor="#000000" bgcolor="#FFFFFF"
             type="rectangle" x="83" y="703" width="46" height="34"/>
        <component id="268"/>
        <component id="301"/>
    </entry>
    <entry id="489" name="undefined" type="group">
        <graphics fgcolor="#000000" bgcolor="#FFFFFF"
             type="rectangle" x="168" y="743" width="46" height="34"/>
        <component id="261"/>
        <component id="262"/>
    </entry>
    <entry id="490" name="undefined" type="group">
        <graphics fgcolor="#000000" bgcolor="#FFFFFF"
             type="rectangle" x="273" y="283" width="46" height="34"/>
        <component id="252"/>
        <component id="253"/>
    </entry>
    <entry id="491" name="undefined" type="group">
        <graphics fgcolor="#000000" bgcolor="#FFFFFF"
             type="rectangle" x="657" y="201" width="46" height="34"/>
        <component id="213"/>
        <component id="214"/>
    </entry>
    <entry id="492" name="undefined" type="group">
        <graphics fgcolor="#000000" bgcolor="#FFFFFF"
             type="rectangle" x="657" y="249" width="46" height="34"/>
        <component id="211"/>
        <component id="212"/>
    </entry>
    <entry id="493" name="undefined" type="group">
        <graphics fgcolor="#000000" bgcolor="#FFFFFF"
             type="rectangle" x="657" y="329" width="46" height="34"/>
        <component id="196"/>
        <component id="198"/>
    </entry>
    <entry id="494" name="undefined" type="group">
        <graphics fgcolor="#000000" bgcolor="#FFFFFF"
             type="rectangle" x="657" y="377" width="46" height="34"/>
        <component id="194"/>
        <component id="195"/>
    </entry>
    <entry id="495" name="undefined" type="group">
        <graphics fgcolor="#000000" bgcolor="#FFFFFF"
             type="rectangle" x="357" y="719" width="46" height="34"/>
        <component id="236"/>
        <component id="237"/>
    </entry>
    <entry id="496" name="undefined" type="group">
        <graphics fgcolor="#000000" bgcolor="#FFFFFF"
             type="rectangle" x="273" y="759" width="46" height="34"/>
        <component id="233"/>
        <component id="234"/>
    </entry>
    <entry id="497" name="undefined" type="group">
        <graphics fgcolor="#000000" bgcolor="#FFFFFF"
             type="rectangle" x="465" y="536" width="46" height="34"/>
        <component id="225"/>
        <component id="265"/>
    </entry>
    <entry id="498" name="undefined" type="group">
        <graphics fgcolor="#000000" bgcolor="#FFFFFF"
             type="rectangle" x="465" y="635" width="46" height="34"/>
        <component id="86"/>
        <component id="87"/>
    </entry>
    <entry id="499" name="undefined" type="group">
        <graphics fgcolor="#000000" bgcolor="#FFFFFF"
             type="rectangle" x="657" y="426" width="46" height="34"/>
        <component id="193"/>
        <component id="197"/>
    </entry>
    <entry id="500" name="undefined" type="group">
        <graphics fgcolor="#000000" bgcolor="#FFFFFF"
             type="rectangle" x="1123" y="195" width="46" height="34"/>
        <component id="121"/>
        <component id="132"/>
    </entry>
    <entry id="501" name="undefined" type="group">
        <graphics fgcolor="#000000" bgcolor="#FFFFFF"
             type="rectangle" x="1123" y="264" width="46" height="34"/>
        <component id="120"/>
        <component id="126"/>
    </entry>
    <entry id="502" name="undefined" type="group">
        <graphics fgcolor="#000000" bgcolor="#FFFFFF"
             type="rectangle" x="1123" y="728" width="46" height="34"/>
        <component id="119"/>
        <component id="133"/>
    </entry>
    <entry id="503" name="undefined" type="group">
        <graphics fgcolor="#000000" bgcolor="#FFFFFF"
             type="rectangle" x="1123" y="793" width="46" height="34"/>
        <component id="118"/>
        <component id="128"/>
    </entry>
    <relation entry1="309" entry2="310" type="PPrel">
        <subtype name="activation" value="--&gt;"/>
    </relation>
    <relation entry1="299" entry2="306" type="PPrel">
        <subtype name="activation" value="--&gt;"/>
    </relation>
    <relation entry1="299" entry2="305" type="PPrel">
        <subtype name="activation" value="--&gt;"/>
    </relation>
    <relation entry1="307" entry2="306" type="PPrel">
        <subtype name="activation" value="--&gt;"/>
    </relation>
    <relation entry1="307" entry2="305" type="PPrel">
        <subtype name="activation" value="--&gt;"/>
    </relation>
    <relation entry1="295" entry2="283" type="PPrel">
        <subtype name="activation" value="--&gt;"/>
    </relation>
    <relation entry1="294" entry2="302" type="PPrel">
        <subtype name="activation" value="--&gt;"/>
    </relation>
    <relation entry1="288" entry2="292" type="PPrel">
        <subtype name="activation" value="--&gt;"/>
    </relation>
    <relation entry1="287" entry2="292" type="PPrel">
        <subtype name="activation" value="--&gt;"/>
    </relation>
    <relation entry1="291" entry2="284" type="PPrel">
        <subtype name="activation" value="--&gt;"/>
    </relation>
    <relation entry1="286" entry2="267" type="PPrel">
        <subtype name="activation" value="--&gt;"/>
    </relation>
    <relation entry1="488" entry2="297" type="PPrel">
        <subtype name="activation" value="--&gt;"/>
    </relation>
    <relation entry1="488" entry2="282" type="PPrel">
        <subtype name="activation" value="--&gt;"/>
    </relation>
    <relation entry1="260" entry2="489" type="PPrel">
        <subtype name="activation" value="--&gt;"/>
    </relation>
    <relation entry1="258" entry2="259" type="PPrel">
        <subtype name="activation" value="--&gt;"/>
    </relation>
    <relation entry1="256" entry2="257" type="PPrel">
        <subtype name="activation" value="--&gt;"/>
    </relation>
    <relation entry1="255" entry2="257" type="PPrel">
        <subtype name="activation" value="--&gt;"/>
    </relation>
    <relation entry1="254" entry2="83" type="PPrel">
        <subtype name="activation" value="--&gt;"/>
    </relation>
    <relation entry1="251" entry2="490" type="PPrel">
        <subtype name="activation" value="--&gt;"/>
    </relation>
    <relation entry1="247" entry2="246" type="PPrel">
        <subtype name="activation" value="--&gt;"/>
    </relation>
    <relation entry1="245" entry2="247" type="PPrel">
        <subtype name="activation" value="--&gt;"/>
    </relation>
    <relation entry1="244" entry2="243" type="PPrel">
        <subtype name="activation" value="--&gt;"/>
    </relation>
    <relation entry1="242" entry2="90" type="PPrel">
        <subtype name="activation" value="--&gt;"/>
    </relation>
    <relation entry1="240" entry2="241" type="PPrel">
        <subtype name="activation" value="--&gt;"/>
    </relation>
    <relation entry1="239" entry2="241" type="PPrel">
        <subtype name="activation" value="--&gt;"/>
    </relation>
    <relation entry1="491" entry2="206" type="PPrel">
        <subtype name="activation" value="--&gt;"/>
    </relation>
    <relation entry1="492" entry2="206" type="PPrel">
        <subtype name="activation" value="--&gt;"/>
    </relation>
    <relation entry1="493" entry2="192" type="PPrel">
        <subtype name="activation" value="--&gt;"/>
    </relation>
    <relation entry1="494" entry2="192" type="PPrel">
        <subtype name="activation" value="--&gt;"/>
    </relation>
    <relation entry1="187" entry2="186" type="PPrel">
        <subtype name="activation" value="--&gt;"/>
    </relation>
    <relation entry1="187" entry2="184" type="PPrel">
        <subtype name="activation" value="--&gt;"/>
    </relation>
    <relation entry1="202" entry2="201" type="PPrel">
        <subtype name="activation" value="--&gt;"/>
    </relation>
    <relation entry1="182" entry2="183" type="PPrel">
        <subtype name="activation" value="--&gt;"/>
    </relation>
    <relation entry1="181" entry2="183" type="PPrel">
        <subtype name="activation" value="--&gt;"/>
    </relation>
    <relation entry1="170" entry2="169" type="PPrel">
        <subtype name="activation" value="--&gt;"/>
    </relation>
    <relation entry1="141" entry2="140" type="PPrel">
        <subtype name="activation" value="--&gt;"/>
    </relation>
    <relation entry1="136" entry2="139" type="PPrel">
        <subtype name="activation" value="--&gt;"/>
    </relation>
    <relation entry1="161" entry2="162" type="PPrel">
        <subtype name="activation" value="--&gt;"/>
    </relation>
    <relation entry1="163" entry2="164" type="PPrel">
        <subtype name="activation" value="--&gt;"/>
    </relation>
    <relation entry1="159" entry2="160" type="PPrel">
        <subtype name="activation" value="--&gt;"/>
    </relation>
    <relation entry1="172" entry2="171" type="PPrel">
        <subtype name="activation" value="--&gt;"/>
    </relation>
    <relation entry1="105" entry2="104" type="PPrel">
        <subtype name="activation" value="--&gt;"/>
    </relation>
    <relation entry1="158" entry2="157" type="PPrel">
        <subtype name="activation" value="--&gt;"/>
    </relation>
    <relation entry1="96" entry2="95" type="PPrel">
        <subtype name="activation" value="--&gt;"/>
    </relation>
    <relation entry1="77" entry2="78" type="PPrel">
        <subtype name="binding/association" value="---"/>
    </relation>
    <relation entry1="81" entry2="82" type="PPrel">
        <subtype name="binding/association" value="---"/>
    </relation>
    <relation entry1="79" entry2="80" type="PPrel">
        <subtype name="binding/association" value="---"/>
    </relation>
    <relation entry1="91" entry2="250" type="PPrel">
        <subtype name="binding/association" value="---"/>
    </relation>
    <relation entry1="248" entry2="249" type="PPrel">
        <subtype name="binding/association" value="---"/>
    </relation>
    <relation entry1="238" entry2="495" type="PPrel">
        <subtype name="binding/association" value="---"/>
    </relation>
    <relation entry1="235" entry2="496" type="PPrel">
        <subtype name="binding/association" value="---"/>
    </relation>
    <relation entry1="290" entry2="303" type="PPrel">
        <subtype name="binding/association" value="---"/>
    </relation>
    <relation entry1="274" entry2="275" type="PPrel">
        <subtype name="binding/association" value="---"/>
    </relation>
    <relation entry1="272" entry2="273" type="PPrel">
        <subtype name="binding/association" value="---"/>
    </relation>
    <relation entry1="232" entry2="271" type="PPrel">
        <subtype name="binding/association" value="---"/>
    </relation>
    <relation entry1="231" entry2="269" type="PPrel">
        <subtype name="binding/association" value="---"/>
    </relation>
    <relation entry1="230" entry2="269" type="PPrel">
        <subtype name="binding/association" value="---"/>
    </relation>
    <relation entry1="231" entry2="300" type="PPrel">
        <subtype name="binding/association" value="---"/>
    </relation>
    <relation entry1="230" entry2="300" type="PPrel">
        <subtype name="binding/association" value="---"/>
    </relation>
    <relation entry1="229" entry2="270" type="PPrel">
        <subtype name="binding/association" value="---"/>
    </relation>
    <relation entry1="228" entry2="293" type="PPrel">
        <subtype name="binding/association" value="---"/>
    </relation>
    <relation entry1="227" entry2="289" type="PPrel">
        <subtype name="binding/association" value="---"/>
    </relation>
    <relation entry1="226" entry2="266" type="PPrel">
        <subtype name="binding/association" value="---"/>
    </relation>
    <relation entry1="224" entry2="497" type="PPrel">
        <subtype name="binding/association" value="---"/>
    </relation>
    <relation entry1="223" entry2="264" type="PPrel">
        <subtype name="binding/association" value="---"/>
    </relation>
    <relation entry1="89" entry2="222" type="PPrel">
        <subtype name="binding/association" value="---"/>
    </relation>
    <relation entry1="221" entry2="498" type="PPrel">
        <subtype name="binding/association" value="---"/>
    </relation>
    <relation entry1="219" entry2="220" type="PPrel">
        <subtype name="binding/association" value="---"/>
    </relation>
    <relation entry1="88" entry2="218" type="PPrel">
        <subtype name="binding/association" value="---"/>
    </relation>
    <relation entry1="217" entry2="263" type="PPrel">
        <subtype name="binding/association" value="---"/>
    </relation>
    <relation entry1="215" entry2="216" type="PPrel">
        <subtype name="binding/association" value="---"/>
    </relation>
    <relation entry1="215" entry2="491" type="PPrel">
        <subtype name="binding/association" value="---"/>
    </relation>
    <relation entry1="205" entry2="491" type="PPrel">
        <subtype name="binding/association" value="---"/>
    </relation>
    <relation entry1="207" entry2="491" type="PPrel">
        <subtype name="binding/association" value="---"/>
    </relation>
    <relation entry1="207" entry2="492" type="PPrel">
        <subtype name="binding/association" value="---"/>
    </relation>
    <relation entry1="209" entry2="492" type="PPrel">
        <subtype name="binding/association" value="---"/>
    </relation>
    <relation entry1="209" entry2="210" type="PPrel">
        <subtype name="binding/association" value="---"/>
    </relation>
    <relation entry1="208" entry2="210" type="PPrel">
        <subtype name="binding/association" value="---"/>
    </relation>
    <relation entry1="208" entry2="493" type="PPrel">
        <subtype name="binding/association" value="---"/>
    </relation>
    <relation entry1="192" entry2="499" type="PPrel">
        <subtype name="binding/association" value="---"/>
    </relation>
    <relation entry1="191" entry2="499" type="PPrel">
        <subtype name="binding/association" value="---"/>
    </relation>
    <relation entry1="190" entry2="191" type="PPrel">
        <subtype name="binding/association" value="---"/>
    </relation>
    <relation entry1="189" entry2="190" type="PPrel">
        <subtype name="binding/association" value="---"/>
    </relation>
    <relation entry1="188" entry2="190" type="PPrel">
        <subtype name="binding/association" value="---"/>
    </relation>
    <relation entry1="184" entry2="185" type="PPrel">
        <subtype name="binding/association" value="---"/>
    </relation>
    <relation entry1="199" entry2="200" type="PPrel">
        <subtype name="binding/association" value="---"/>
    </relation>
    <relation entry1="203" entry2="204" type="PPrel">
        <subtype name="binding/association" value="---"/>
    </relation>
    <relation entry1="178" entry2="180" type="PPrel">
        <subtype name="binding/association" value="---"/>
    </relation>
    <relation entry1="177" entry2="179" type="PPrel">
        <subtype name="binding/association" value="---"/>
    </relation>
    <relation entry1="167" entry2="168" type="PPrel">
        <subtype name="binding/association" value="---"/>
    </relation>
    <relation entry1="165" entry2="168" type="PPrel">
        <subtype name="binding/association" value="---"/>
    </relation>
    <relation entry1="166" entry2="167" type="PPrel">
        <subtype name="binding/association" value="---"/>
    </relation>
    <relation entry1="165" entry2="166" type="PPrel">
        <subtype name="binding/association" value="---"/>
    </relation>
    <relation entry1="153" entry2="154" type="PPrel">
        <subtype name="binding/association" value="---"/>
    </relation>
    <relation entry1="147" entry2="148" type="PPrel">
        <subtype name="binding/association" value="---"/>
    </relation>
    <relation entry1="149" entry2="150" type="PPrel">
        <subtype name="binding/association" value="---"/>
    </relation>
    <relation entry1="124" entry2="125" type="PPrel">
        <subtype name="binding/association" value="---"/>
    </relation>
    <relation entry1="130" entry2="131" type="PPrel">
        <subtype name="binding/association" value="---"/>
    </relation>
    <relation entry1="130" entry2="164" type="PPrel">
        <subtype name="binding/association" value="---"/>
    </relation>
    <relation entry1="122" entry2="500" type="PPrel">
        <subtype name="binding/association" value="---"/>
    </relation>
    <relation entry1="127" entry2="501" type="PPrel">
        <subtype name="binding/association" value="---"/>
    </relation>
    <relation entry1="113" entry2="114" type="PPrel">
        <subtype name="binding/association" value="---"/>
    </relation>
    <relation entry1="111" entry2="112" type="PPrel">
        <subtype name="binding/association" value="---"/>
    </relation>
    <relation entry1="109" entry2="110" type="PPrel">
        <subtype name="binding/association" value="---"/>
    </relation>
    <relation entry1="116" entry2="502" type="PPrel">
        <subtype name="binding/association" value="---"/>
    </relation>
    <relation entry1="129" entry2="503" type="PPrel">
        <subtype name="binding/association" value="---"/>
    </relation>
    <relation entry1="281" entry2="304" type="PPrel">
        <subtype name="binding/association" value="---"/>
    </relation>
    <relation entry1="279" entry2="308" type="PPrel">
        <subtype name="binding/association" value="---"/>
    </relation>
    <relation entry1="280" entry2="298" type="PPrel">
        <subtype name="binding/association" value="---"/>
    </relation>
    <relation entry1="151" entry2="152" type="PPrel">
        <subtype name="binding/association" value="---"/>
    </relation>
    <relation entry1="102" entry2="103" type="PPrel">
        <subtype name="binding/association" value="---"/>
    </relation>
    <relation entry1="155" entry2="156" type="PPrel">
        <subtype name="binding/association" value="---"/>
    </relation>
    <relation entry1="101" entry2="115" type="PPrel">
        <subtype name="binding/association" value="---"/>
    </relation>
    <relation entry1="174" entry2="176" type="PPrel">
        <subtype name="binding/association" value="---"/>
    </relation>
    <relation entry1="173" entry2="175" type="PPrel">
        <subtype name="binding/association" value="---"/>
    </relation>
    <relation entry1="97" entry2="98" type="PPrel">
        <subtype name="binding/association" value="---"/>
    </relation>
    <relation entry1="93" entry2="94" type="PPrel">
        <subtype name="binding/association" value="---"/>
    </relation>
    <relation entry1="295" entry2="72" type="PPrel">
        <subtype name="activation" value="--&gt;"/>
    </relation>
    <relation entry1="294" entry2="73" type="PPrel">
        <subtype name="activation" value="--&gt;"/>
    </relation>
    <relation entry1="254" entry2="71" type="PPrel">
        <subtype name="activation" value="--&gt;"/>
    </relation>
    <relation entry1="244" entry2="70" type="PPrel">
        <subtype name="activation" value="--&gt;"/>
    </relation>
    <relation entry1="299" entry2="439" type="PPrel">
        <subtype name="activation" value="--&gt;"/>
    </relation>
    <relation entry1="291" entry2="306" type="PPrel">
        <subtype name="activation" value="--&gt;"/>
    </relation>
    <relation entry1="291" entry2="305" type="PPrel">
        <subtype name="activation" value="--&gt;"/>
    </relation>
    <relation entry1="445" entry2="443" type="PPrel">
        <subtype name="activation" value="--&gt;"/>
    </relation>
    <relation entry1="445" entry2="446" type="PPrel">
        <subtype name="activation" value="--&gt;"/>
    </relation>
    <relation entry1="444" entry2="443" type="PPrel">
        <subtype name="activation" value="--&gt;"/>
    </relation>
    <relation entry1="444" entry2="446" type="PPrel">
        <subtype name="activation" value="--&gt;"/>
    </relation>
    <relation entry1="453" entry2="256" type="PPrel">
        <subtype name="activation" value="--&gt;"/>
    </relation>
    <relation entry1="458" entry2="456" type="PPrel">
        <subtype name="activation" value="--&gt;"/>
    </relation>
    <relation entry1="458" entry2="459" type="PPrel">
        <subtype name="activation" value="--&gt;"/>
    </relation>
    <relation entry1="457" entry2="456" type="PPrel">
        <subtype name="activation" value="--&gt;"/>
    </relation>
    <relation entry1="457" entry2="459" type="PPrel">
        <subtype name="activation" value="--&gt;"/>
    </relation>
    <relation entry1="462" entry2="459" type="PPrel">
        <subtype name="activation" value="--&gt;"/>
    </relation>
    <relation entry1="451" entry2="246" type="PPrel">
        <subtype name="activation" value="--&gt;"/>
    </relation>
    <relation entry1="271" entry2="231" type="PPrel">
        <subtype name="binding/association" value="---"/>
    </relation>
    <relation entry1="271" entry2="230" type="PPrel">
        <subtype name="binding/association" value="---"/>
    </relation>
    <relation entry1="232" entry2="269" type="PPrel">
        <subtype name="binding/association" value="---"/>
    </relation>
    <relation entry1="232" entry2="300" type="PPrel">
        <subtype name="binding/association" value="---"/>
    </relation>
    <relation entry1="474" entry2="472" type="PPrel">
        <subtype name="activation" value="--&gt;"/>
    </relation>
    <relation entry1="475" entry2="473" type="PPrel">
        <subtype name="activation" value="--&gt;"/>
    </relation>
    <relation entry1="476" entry2="146" type="PPrel">
        <subtype name="activation" value="--&gt;"/>
    </relation>
    <relation entry1="481" entry2="482" type="PPrel">
        <subtype name="activation" value="--&gt;"/>
    </relation>
    <relation entry1="484" entry2="485" type="PPrel">
        <subtype name="binding/association" value="---"/>
    </relation>
    <relation entry1="486" entry2="487" type="PPrel">
        <subtype name="binding/association" value="---"/>
    </relation>
</pathway>
