"","category","subcategory","ID","Description","GeneRatio","BgRatio","pvalue","p.adjust","qvalue","geneID","Count"
"ko05020","Human Diseases","Neurodegenerative disease","ko05020","Prion disease","20/301","191/5930",0.00152875393122358,0.335234437183829,0.333453858328676,"K02137/K02131/K06491/K03083/K03960/K03961/K00922/K03944/K08738/K02128/K04450/K03030/K03959/K03934/K05870/K07374/K03987/K03986/K03283/K00236",20
"ko04514","Environmental Information Processing","Signaling molecules and interaction","ko04514","Cell adhesion molecules","13/301","105/5930",0.0023563557354096,0.335234437183829,0.333453858328676,"K06087/K06735/K06491/K16350/K05412/K05413/K07378/K25834/K06470/K06538/K06713/K06770/K06089",13
"ko00190","Metabolism","Energy metabolism","ko00190","Oxidative phosphorylation","12/301","97/5930",0.0034537941449067,0.335234437183829,0.333453858328676,"K02137/K02131/K02145/K02260/K03960/K03961/K03944/K08738/K02128/K03959/K03934/K00236",12
"ko05322","Human Diseases","Immune disease","ko05322","Systemic lupus erythematosus","7/301","41/5930",0.00410072706035265,0.335234437183829,0.333453858328676,"K05412/K05413/K11090/K06470/K03987/K03986/K06472",7
"ko05016","Human Diseases","Neurodegenerative disease","ko05016","Huntington disease","20/301","212/5930",0.00518238880394549,0.338928227778035,0.337128029561928,"K02137/K02131/K04638/K03960/K03016/K11826/K03961/K03944/K03012/K08738/K02128/K03030/K10408/K03959/K04398/K03934/K05870/K07374/K00236/K05003",20
"ko00514","Metabolism","Glycan biosynthesis and metabolism","ko00514","Other types of O-glycan biosynthesis","4/301","19/5930",0.0137655866549578,0.592891672902653,0.589742562133977,"K13667/K23800/K00710/K07968",4
"ko05320","Human Diseases","Immune disease","ko05320","Autoimmune thyroid disease","4/301","19/5930",0.0137655866549578,0.592891672902653,0.589742562133977,"K05412/K05413/K06470/K06538",4
"ko04974","Organismal Systems","Digestive system","ko04974","Protein digestion and absorption","8/301","64/5930",0.0149114303279777,0.592891672902653,0.589742562133977,"K23455/K01389/K08780/K06238/K19721/K19720/K01278/K01539",8
"ko04672","Organismal Systems","Immune system","ko04672","Intestinal immune network for IgA production","5/301","30/5930",0.0163181194376877,0.592891672902653,0.589742562133977,"K05412/K05413/K04189/K06470/K06713",5
"ko04973","Organismal Systems","Digestive system","ko04973","Carbohydrate digestion and absorption","4/301","22/5930",0.0230576664831029,0.720571794466368,0.716744517914398,"K00922/K07593/K01084/K01539",4
"ko05330","Human Diseases","Immune disease","ko05330","Allograft rejection","3/301","13/5930",0.0253391983205125,0.720571794466368,0.716744517914398,"K05412/K05413/K06470",3
"ko04714","Organismal Systems","Environmental adaptation","ko04714","Thermogenesis","15/301","171/5930",0.0264430016317933,0.720571794466368,0.716744517914398,"K02137/K02131/K02260/K03960/K03961/K11340/K03944/K02128/K04450/K05259/K03959/K03934/K05870/K11450/K00236",15
"ko00601","Metabolism","Glycan biosynthesis and metabolism","ko00601","Glycosphingolipid biosynthesis - lacto and neolacto series","4/301","24/5930",0.0309458180125276,0.725595440182749,0.721741480819151,"K03766/K00719/K03877/K07968",4
"ko05332","Human Diseases","Immune disease","ko05332","Graft-versus-host disease","3/301","14/5930",0.0310652482035428,0.725595440182749,0.721741480819151,"K05412/K05413/K06470",3
"ko04932","Human Diseases","Endocrine and metabolic disease","ko04932","Non-alcoholic fatty liver disease","11/301","119/5930",0.0383896002800113,0.825316164858066,0.820932544474947,"K03083/K03960/K07296/K03961/K00922/K03944/K08738/K03959/K04398/K03934/K00236",11
"ko04061","Environmental Information Processing","Signaling molecules and interaction","ko04061","Viral protein interaction with cytokine and cytokine receptor","8/301","77/5930",0.0403824423172142,0.825316164858066,0.820932544474947,"K04721/K05137/K04186/K04189/K05050/K04175/K14625/K05138",8
"ko05150","Human Diseases","Infectious disease: bacterial","ko05150","Staphylococcus aureus infection","5/301","39/5930",0.0456171667255347,0.845865946148468,0.841373176758012,"K03992/K03987/K03986/K06472/K12560",5
"ko05120","Human Diseases","Infectious disease: bacterial","ko05120","Epithelial cell signaling in Helicobacter pylori infection","6/301","52/5930",0.046561428228356,0.845865946148468,0.841373176758012,"K06735/K02145/K06786/K05050/K04175/K06089",6
"ko04911","Organismal Systems","Endocrine system","ko04911","Insulin secretion","7/301","67/5930",0.0520580464216585,0.873346613631408,0.868707882221487,"K04938/K07593/K04450/K04351/K05259/K05870/K01539",7
"ko00280","Metabolism","Amino acid metabolism","ko00280","Valine, leucine and isoleucine degradation","5/301","41/5930",0.0547477832125886,0.873346613631408,0.868707882221487,"K07514/K01966/K05605/K00157/K01640",5
"ko05415","Human Diseases","Cardiovascular disease","ko05415","Diabetic cardiomyopathy","12/301","142/5930",0.0560864797744941,0.873346613631408,0.868707882221487,"K02137/K02131/K03083/K03960/K03961/K00922/K03944/K19720/K02128/K03959/K03934/K00236",12
"ko04940","Human Diseases","Endocrine and metabolic disease","ko04940","Type I diabetes mellitus","3/301","18/5930",0.0600228111693436,0.892157238744334,0.88741859575728,"K05412/K05413/K06470",3
"ko05014","Human Diseases","Neurodegenerative disease","ko05014","Amyotrophic lateral sclerosis","19/301","260/5930",0.0681742009063685,0.957614607025082,0.95252829090858,"K02137/K02131/K12192/K03960/K03961/K03944/K14313/K08738/K02128/K03030/K12650/K10408/K03959/K04575/K03934/K05085/K07374/K00236/K11518",19
"ko05416","Human Diseases","Cardiovascular disease","ko05416","Viral myocarditis","5/301","44/5930",0.0702836408825748,0.957614607025082,0.95252829090858,"K05412/K05413/K08738/K04398/K06470",5
"ko04530","Cellular Processes","Cellular community - eukaryotes","ko04530","Tight junction","9/301","103/5930",0.076862756313005,0.969844522532491,0.964693247907741,"K06087/K06735/K06106/K12076/K06069/K06786/K07374/K06089/K06448",9
"ko05323","Human Diseases","Immune disease","ko05323","Rheumatoid arthritis","6/301","59/5930",0.0771130201401981,0.969844522532491,0.964693247907741,"K02145/K05412/K05413/K06470/K06538/K14625",6
"ko00380","Metabolism","Amino acid metabolism","ko00380","Tryptophan metabolism","4/301","35/5930",0.0992596701318821,0.991527739779718,0.986261295966306,"K07514/K01556/K03392/K00157",4
"ko04261","Organismal Systems","Circulatory system","ko04261","Adrenergic signaling in cardiomyocytes","8/301","97/5930",0.118228094889031,0.991527739779718,0.986261295966306,"K04894/K26206/K11583/K04450/K04351/K04865/K05870/K01539",8
"ko00511","Metabolism","Glycan biosynthesis and metabolism","ko00511","Other glycan degradation","2/301","12/5930",0.121220703012252,0.991527739779718,0.986261295966306,"K01206/K01201",2
"ko04071","Environmental Information Processing","Signal transduction","ko04071","Sphingolipid signaling pathway","7/301","82/5930",0.121340140223629,0.991527739779718,0.986261295966306,"K03898/K00922/K26384/K11583/K23727/K07983/K08089",7
"ko04115","Cellular Processes","Cell growth and death","ko04115","p53 signaling pathway","6/301","67/5930",0.123050733990106,0.991527739779718,0.986261295966306,"K10137/K06640/K08738/K10142/K04398/K06644",6
"ko00640","Metabolism","Carbohydrate metabolism","ko00640","Propanoate metabolism","3/301","25/5930",0.130994425861893,0.991527739779718,0.986261295966306,"K07514/K01966/K05605",3
"ko05134","Human Diseases","Infectious disease: bacterial","ko05134","Legionellosis","4/301","39/5930",0.133734885323621,0.991527739779718,0.986261295966306,"K08738/K23561/K04398/K03283",4
"ko05171","Human Diseases","Infectious disease: viral","ko05171","Coronavirus disease - COVID-19","13/301","183/5930",0.137128040454874,0.991527739779718,0.986261295966306,"K02896/K02917/K03992/K00922/K02891/K09633/K02893/K02978/K02889/K02868/K03987/K03986/K06472",13
"ko03450","Genetic Information Processing","Replication and repair","ko03450","Non-homologous end-joining","2/301","13/5930",0.138653703865296,0.991527739779718,0.986261295966306,"K10885/K10980",2
"ko04660","Organismal Systems","Immune system","ko04660","T cell receptor signaling pathway","7/301","85/5930",0.139110922031589,0.991527739779718,0.986261295966306,"K03083/K12076/K00922/K11583/K06470/K06538/K06713",7
"ko04960","Organismal Systems","Excretory system","ko04960","Aldosterone-regulated sodium reabsorption","3/301","26/5930",0.14283212424787,0.991527739779718,0.986261295966306,"K00922/K06644/K01539",3
"ko04214","Cellular Processes","Cell growth and death","ko04214","Apoptosis - fly","4/301","40/5930",0.143032128158033,0.991527739779718,0.986261295966306,"K10149/K06640/K08738/K04398",4
"ko04742","Organismal Systems","Sensory system","ko04742","Taste transduction","4/301","40/5930",0.143032128158033,0.991527739779718,0.986261295966306,"K04153/K04819/K13755/K04836",4
"ko04670","Organismal Systems","Immune system","ko04670","Leukocyte transendothelial migration","6/301","70/5930",0.143110889781395,0.991527739779718,0.986261295966306,"K06087/K06735/K00922/K04351/K04189/K06089",6
"ko03010","Genetic Information Processing","Translation","ko03010","Ribosome","9/301","118/5930",0.144099010438432,0.991527739779718,0.986261295966306,"K02863/K02896/K02917/K02891/K02893/K02978/K02889/K02868/K02895",9
"ko04391","Environmental Information Processing","Signal transduction","ko04391","Hippo signaling pathway - fly","4/301","41/5930",0.152576381665648,0.991527739779718,0.986261295966306,"K12076/K10149/K16676/K06069",4
"ko00564","Metabolism","Lipid metabolism","ko00564","Glycerophospholipid metabolism","5/301","56/5930",0.153217229205372,0.991527739779718,0.986261295966306,"K13618/K00968/K13523/K06130/K01047",5
"ko04922","Organismal Systems","Endocrine system","ko04922","Glucagon signaling pathway","5/301","56/5930",0.153217229205372,0.991527739779718,0.986261295966306,"K07593/K04450/K01084/K05259/K05870",5
"ko00603","Metabolism","Glycan biosynthesis and metabolism","ko00603","Glycosphingolipid biosynthesis - globo and isoglobo series","2/301","14/5930",0.156585113142255,0.991527739779718,0.986261295966306,"K00719/K03877",2
"ko05310","Human Diseases","Immune disease","ko05310","Asthma","2/301","14/5930",0.156585113142255,0.991527739779718,0.986261295966306,"K07983/K08089",2
"ko04072","Environmental Information Processing","Signal transduction","ko04072","Phospholipase D signaling pathway","8/301","104/5930",0.157005842218505,0.991527739779718,0.986261295966306,"K00922/K07831/K13523/K04351/K05050/K04175/K07983/K08089",8
"ko05012","Human Diseases","Neurodegenerative disease","ko05012","Parkinson disease","13/301","192/5930",0.176196896296998,0.991527739779718,0.986261295966306,"K02137/K02131/K03960/K03961/K03944/K08738/K02128/K03030/K14716/K03959/K03934/K07374/K00236",13
"ko05010","Human Diseases","Neurodegenerative disease","ko05010","Alzheimer disease","18/301","280/5930",0.177637430960306,0.991527739779718,0.986261295966306,"K02137/K02131/K03083/K03960/K03961/K00922/K01389/K03944/K08738/K02128/K03030/K14716/K03959/K04398/K03934/K07374/K00236/K06171",18
"ko03320","Organismal Systems","Endocrine system","ko03320","PPAR signaling pathway","5/301","59/5930",0.178476471429239,0.991527739779718,0.986261295966306,"K07296/K07514/K08762/K08526/K08758",5
"ko01120","Metabolism","Global and overview maps","ko01120","Microbial metabolism in diverse environments","9/301","125/5930",0.183223231309011,0.991527739779718,0.986261295966306,"K00451/K07514/K01966/K00157/K00031/K01783/K01948/K01640/K00236",9
"ko04148","Cellular Processes","Transport and catabolism","ko04148","Efferocytosis","9/301","125/5930",0.183223231309011,0.991527739779718,0.986261295966306,"K03908/K20178/K26934/K04298/K23285/K05870/K26813/K03987/K03986",9
"ko04360","Organismal Systems","Development and regeneration","ko04360","Axon guidance","9/301","125/5930",0.183223231309011,0.991527739779718,0.986261295966306,"K06754/K06753/K05104/K03083/K00922/K04964/K04189/K05105/K06521",9
"ko04145","Cellular Processes","Transport and catabolism","ko04145","Phagosome","7/301","92/5930",0.185064827715223,0.991527739779718,0.986261295966306,"K02145/K10415/K13884/K07374/K13813/K06472/K12560",7
"ko04976","Organismal Systems","Digestive system","ko04976","Bile secretion","5/301","60/5930",0.187226742266427,0.991527739779718,0.986261295966306,"K14360/K14349/K05664/K08563/K01539",5
"ko01230","Metabolism","Global and overview maps","ko01230","Biosynthesis of amino acids","4/301","45/5930",0.192962435499931,0.991527739779718,0.986261295966306,"K01697/K00031/K01783/K01948",4
"ko04216","Cellular Processes","Cell growth and death","ko04216","Ferroptosis","3/301","31/5930",0.206534140623256,0.991527739779718,0.986261295966306,"K13624/K14736/K10142",3
"ko00650","Metabolism","Carbohydrate metabolism","ko00650","Butanoate metabolism","2/301","17/5930",0.21246021993693,0.991527739779718,0.986261295966306,"K07514/K01640",2
"ko01200","Metabolism","Global and overview maps","ko01200","Carbon metabolism","6/301","80/5930",0.21937362762471,0.991527739779718,0.986261295966306,"K01966/K05605/K00031/K01783/K01948/K00236",6
"ko04211","Organismal Systems","Aging","ko04211","Longevity regulating pathway","5/301","64/5930",0.223669640261496,0.991527739779718,0.986261295966306,"K07296/K00922/K04450/K05870/K03259",5
"ko05130","Human Diseases","Infectious disease: bacterial","ko05130","Pathogenic Escherichia coli infection","8/301","115/5930",0.228186334225343,0.991527739779718,0.986261295966306,"K06087/K06106/K04721/K08738/K10356/K04398/K07374/K06472",8
"ko05162","Human Diseases","Infectious disease: viral","ko05162","Measles","7/301","98/5930",0.228776817898287,0.991527739779718,0.986261295966306,"K03083/K00922/K08738/K04398/K06470/K03283/K12560",7
"ko00900","Metabolism","Metabolism of terpenoids and polyketides","ko00900","Terpenoid backbone biosynthesis","2/301","18/5930",0.231514896032878,0.991527739779718,0.986261295966306,"K11778/K00787",2
"ko04610","Organismal Systems","Immune system","ko04610","Complement and coagulation cascades","6/301","82/5930",0.236062428104461,0.991527739779718,0.986261295966306,"K03908/K03992/K03898/K03909/K03987/K03986",6
"ko04728","Organismal Systems","Nervous system","ko04728","Dopaminergic synapse","6/301","82/5930",0.236062428104461,0.991527739779718,0.986261295966306,"K04146/K03083/K11583/K04450/K04997/K05870",6
"ko03272",NA,NA,"ko03272","Virion - Hepatitis viruses","2/301","19/5930",0.250670055476064,0.991527739779718,0.986261295966306,"K06087/K01278",2
"ko04930","Human Diseases","Endocrine and metabolic disease","ko04930","Type II diabetes mellitus","3/301","35/5930",0.261244916677376,0.991527739779718,0.986261295966306,"K07296/K00922/K07593",3
"ko04137","Cellular Processes","Transport and catabolism","ko04137","Mitophagy - animal","6/301","85/5930",0.261787251690003,0.991527739779718,0.986261295966306,"K17768/K17079/K07831/K17776/K17907/K11518",6
"ko05208","Human Diseases","Cancer: overview","ko05208","Chemical carcinogenesis - reactive oxygen species","10/301","156/5930",0.267865353205661,0.991527739779718,0.986261295966306,"K02137/K02131/K03960/K03961/K00922/K03944/K02128/K03959/K03934/K00236",10
"ko04931","Human Diseases","Endocrine and metabolic disease","ko04931","Insulin resistance","5/301","69/5930",0.271849950534079,0.991527739779718,0.986261295966306,"K03083/K00922/K07593/K01084/K05870",5
"ko04927","Organismal Systems","Endocrine system","ko04927","Cortisol synthesis and secretion","4/301","53/5930",0.281530072252112,0.991527739779718,0.986261295966306,"K22398/K14349/K04450/K05870",4
"ko04146","Cellular Processes","Transport and catabolism","ko04146","Peroxisome","5/301","70/5930",0.281752955207362,0.991527739779718,0.986261295966306,"K07514/K13342/K00031/K01640/K13337",5
"ko05142","Human Diseases","Infectious disease: parasitic","ko05142","Chagas disease","5/301","70/5930",0.281752955207362,0.991527739779718,0.986261295966306,"K03898/K00922/K04398/K03987/K03986",5
"ko03430","Genetic Information Processing","Replication and repair","ko03430","Mismatch repair","2/301","21/5930",0.289051222709597,0.991527739779718,0.986261295966306,"K10755/K10739",2
"ko04341","Environmental Information Processing","Signal transduction","ko04341","Hedgehog signaling pathway - fly","2/301","21/5930",0.289051222709597,0.991527739779718,0.986261295966306,"K03083/K06228",2
"ko03420","Genetic Information Processing","Replication and repair","ko03420","Nucleotide excision repair","4/301","54/5930",0.293070186666468,0.991527739779718,0.986261295966306,"K10755/K03016/K03012/K10739",4
"ko04935","Organismal Systems","Endocrine system","ko04935","Growth hormone synthesis, secretion and action","6/301","89/5930",0.297135840021536,0.991527739779718,0.986261295966306,"K09363/K03083/K00922/K04284/K04450/K05870",6
"ko05022","Human Diseases","Neurodegenerative disease","ko05022","Pathways of neurodegeneration - multiple diseases","20/301","345/5930",0.298982672770353,0.991527739779718,0.986261295966306,"K02137/K02131/K12192/K04638/K03083/K03960/K03961/K03944/K08738/K02128/K03030/K12650/K10408/K03959/K04398/K04575/K03934/K07374/K00236/K11518",20
"ko04611","Organismal Systems","Immune system","ko04611","Platelet activation","6/301","90/5930",0.306121686484893,0.991527739779718,0.986261295966306,"K00922/K06069/K04298/K19720/K06472/K07983",6
"ko04723","Organismal Systems","Nervous system","ko04723","Retrograde endocannabinoid signaling","7/301","108/5930",0.308102284213839,0.991527739779718,0.986261295966306,"K05190/K03960/K03961/K03944/K04997/K03959/K03934",7
"ko05164","Human Diseases","Infectious disease: viral","ko05164","Influenza A","7/301","108/5930",0.308102284213839,0.991527739779718,0.986261295966306,"K00922/K04721/K09633/K08738/K04398/K15042/K00787",7
"ko00020","Metabolism","Carbohydrate metabolism","ko00020","Citrate cycle (TCA cycle)","2/301","22/5930",0.308175759411972,0.991527739779718,0.986261295966306,"K00031/K00236",2
"ko04614","Organismal Systems","Endocrine system","ko04614","Renin-angiotensin system","2/301","22/5930",0.308175759411972,0.991527739779718,0.986261295966306,"K01389/K08780",2
"ko00410","Metabolism","Metabolism of other amino acids","ko00410","beta-Alanine metabolism","2/301","23/5930",0.327197018560179,0.991527739779718,0.986261295966306,"K07514/K05605",2
"ko05100","Human Diseases","Infectious disease: bacterial","ko05100","Bacterial invasion of epithelial cells","4/301","57/5930",0.328009239350191,0.991527739779718,0.986261295966306,"K06106/K00922/K13744/K05717",4
"ko04915","Organismal Systems","Endocrine system","ko04915","Estrogen signaling pathway","5/301","75/5930",0.33215076067468,0.991527739779718,0.986261295966306,"K00922/K04450/K04997/K05870/K03283",5
"ko04820",NA,NA,"ko04820","Cytoskeleton in muscle cells","9/301","148/5930",0.336952013411676,0.991527739779718,0.986261295966306,"K06238/K19721/K19720/K27381/K06589/K05738/K05717/K10655/K01539",9
"ko00565","Metabolism","Lipid metabolism","ko00565","Ether lipid metabolism","2/301","24/5930",0.346076299613261,0.991527739779718,0.986261295966306,"K01062/K01047",2
"ko04650","Organismal Systems","Immune system","ko04650","Natural killer cell mediated cytotoxicity","5/301","77/5930",0.352573789459383,0.991527739779718,0.986261295966306,"K00922/K04721/K07989/K07983/K06582",5
"ko04152","Environmental Information Processing","Signal transduction","ko04152","AMPK signaling pathway","5/301","78/5930",0.362811270100562,0.991527739779718,0.986261295966306,"K07296/K00922/K11583/K01084/K05870",5
"ko04726","Organismal Systems","Nervous system","ko04726","Serotonergic synapse","5/301","78/5930",0.362811270100562,0.991527739779718,0.986261295966306,"K04153/K04819/K04964/K04997/K04157",5
"ko05215","Human Diseases","Cancer: specific types","ko05215","Prostate cancer","5/301","78/5930",0.362811270100562,0.991527739779718,0.986261295966306,"K03083/K00922/K09633/K09435/K05870",5
"ko00350","Metabolism","Amino acid metabolism","ko00350","Tyrosine metabolism","2/301","25/5930",0.364779071243814,0.991527739779718,0.986261295966306,"K00451/K00157",2
"ko00860","Metabolism","Metabolism of cofactors and vitamins","ko00860","Porphyrin metabolism","2/301","25/5930",0.364779071243814,0.991527739779718,0.986261295966306,"K13624/K00231",2
"ko01523","Human Diseases","Drug resistance: antineoplastic","ko01523","Antifolate resistance","2/301","25/5930",0.364779071243814,0.991527739779718,0.986261295966306,"K11787/K05668",2
"ko04740","Organismal Systems","Sensory system","ko04740","Olfactory transduction","2/301","25/5930",0.364779071243814,0.991527739779718,0.986261295966306,"K04257/K13755",2
"ko04950","Human Diseases","Endocrine and metabolic disease","ko04950","Maturity onset diabetes of the young","2/301","25/5930",0.364779071243814,0.991527739779718,0.986261295966306,"K07593/K08033",2
"ko04977","Organismal Systems","Digestive system","ko04977","Vitamin digestion and absorption","2/301","25/5930",0.364779071243814,0.991527739779718,0.986261295966306,"K14622/K14610",2
"ko00563","Metabolism","Glycan biosynthesis and metabolism","ko00563","Glycosylphosphatidylinositol (GPI)-anchor biosynthesis","2/301","26/5930",0.383274650160143,0.991527739779718,0.986261295966306,"K05294/K05284",2
"ko05032","Human Diseases","Substance dependence","ko05032","Morphine addiction","4/301","62/5930",0.38660719219519,0.991527739779718,0.986261295966306,"K05190/K13755/K13298/K04997",4
"ko02010","Environmental Information Processing","Membrane transport","ko02010","ABC transporters","3/301","44/5930",0.388002238837094,0.991527739779718,0.986261295966306,"K05668/K05664/K05661",3
"ko01240","Metabolism","Global and overview maps","ko01240","Biosynthesis of cofactors","6/301","100/5930",0.397699093354642,0.991527739779718,0.986261295966306,"K13421/K13248/K01556/K00966/K00939/K00231",6
"ko00983","Metabolism","Xenobiotics biodegradation and metabolism","ko00983","Drug metabolism - other enzymes","2/301","27/5930",0.401535901620011,0.991527739779718,0.986261295966306,"K13421/K00757",2
"ko04624","Organismal Systems","Immune system","ko04624","Toll and Imd signaling pathway","2/301","27/5930",0.401535901620011,0.991527739779718,0.986261295966306,"K04450/K04398",2
"ko01524","Human Diseases","Drug resistance: antineoplastic","ko01524","Platinum drug resistance","3/301","45/5930",0.401933653361177,0.991527739779718,0.986261295966306,"K00922/K08738/K04398",3
"ko04664","Organismal Systems","Immune system","ko04664","Fc epsilon RI signaling pathway","3/301","45/5930",0.401933653361177,0.991527739779718,0.986261295966306,"K00922/K07983/K08089",3
"ko04979","Organismal Systems","Digestive system","ko04979","Cholesterol metabolism","3/301","45/5930",0.401933653361177,0.991527739779718,0.986261295966306,"K14349/K05664/K08758",3
"ko05207","Human Diseases","Cancer: overview","ko05207","Chemical carcinogenesis - receptor activation","7/301","120/5930",0.40873369791026,0.991527739779718,0.986261295966306,"K15618/K00922/K04450/K05870/K15042/K08526/K08541",7
"ko04910","Organismal Systems","Endocrine system","ko04910","Insulin signaling pathway","5/301","83/5930",0.413972908545663,0.991527739779718,0.986261295966306,"K03083/K00922/K06069/K01084/K03259",5
"ko00480","Metabolism","Metabolism of other amino acids","ko00480","Glutathione metabolism","2/301","28/5930",0.41953896027265,0.991527739779718,0.986261295966306,"K00031/K25210",2
"ko03060","Genetic Information Processing","Folding, sorting and degradation","ko03060","Protein export","2/301","28/5930",0.41953896027265,0.991527739779718,0.986261295966306,"K12275/K22384",2
"ko04215","Cellular Processes","Cell growth and death","ko04215","Apoptosis - multiple species","2/301","28/5930",0.41953896027265,0.991527739779718,0.986261295966306,"K08738/K04398",2
"ko04972","Organismal Systems","Digestive system","ko04972","Pancreatic secretion","4/301","65/5930",0.421521224440053,0.991527739779718,0.986261295966306,"K08780/K04964/K01047/K01539",4
"ko05146","Human Diseases","Infectious disease: parasitic","ko05146","Amoebiasis","4/301","65/5930",0.421521224440053,0.991527739779718,0.986261295966306,"K00922/K19720/K05717/K06448",4
"ko01110","Metabolism","Global and overview maps","ko01110","Biosynthesis of secondary metabolites","16/301","294/5930",0.423436882278641,0.991527739779718,0.986261295966306,"K11787/K07514/K01966/K01697/K13523/K01084/K00031/K01783/K00966/K00939/K11778/K01047/K13373/K00236/K00231/K00787",16
"ko05230","Human Diseases","Cancer: overview","ko05230","Central carbon metabolism in cancer","3/301","47/5930",0.429512192356284,0.991527739779718,0.986261295966306,"K00922/K07593/K00031",3
"ko03008","Genetic Information Processing","Translation","ko03008","Ribosome biogenesis in eukaryotes","4/301","66/5930",0.433061853011396,0.991527739779718,0.986261295966306,"K07562/K12618/K14561/K14565",4
"ko04750","Organismal Systems","Sensory system","ko04750","Inflammatory mediator regulation of TRP channels","4/301","66/5930",0.433061853011396,0.991527739779718,0.986261295966306,"K04723/K03898/K00922/K04157",4
"ko00061","Metabolism","Lipid metabolism","ko00061","Fatty acid biosynthesis","1/301","11/5930",0.436457783437651,0.991527739779718,0.986261295966306,"K07512",1
"ko00591","Metabolism","Lipid metabolism","ko00591","Linoleic acid metabolism","1/301","11/5930",0.436457783437651,0.991527739779718,0.986261295966306,"K01047",1
"ko00970","Genetic Information Processing","Translation","ko00970","Aminoacyl-tRNA biosynthesis","2/301","29/5930",0.437262970047496,0.991527739779718,0.986261295966306,"K22503/K01890",2
"ko04144","Cellular Processes","Transport and catabolism","ko04144","Endocytosis","9/301","162/5930",0.439662549552638,0.991527739779718,0.986261295966306,"K12192/K11826/K06069/K00909/K04705/K04189/K05050/K04175/K03283",9
"ko04929","Organismal Systems","Endocrine system","ko04929","GnRH secretion","3/301","48/5930",0.443133367361463,0.991527739779718,0.986261295966306,"K00922/K04964/K04997",3
"ko05165","Human Diseases","Infectious disease: viral","ko05165","Human papillomavirus infection","12/301","221/5930",0.447740504559443,0.991527739779718,0.986261295966306,"K02145/K03083/K12076/K00922/K06069/K06640/K11583/K06238/K06589/K04398/K05870/K05717",12
"ko05417","Human Diseases","Cardiovascular disease","ko05417","Lipid and atherosclerosis","8/301","144/5930",0.448921455739219,0.991527739779718,0.986261295966306,"K03083/K00922/K04721/K08738/K12650/K04398/K08526/K03283",8
"ko04024","Environmental Information Processing","Signal transduction","ko04024","cAMP signaling pathway","9/301","164/5930",0.454343972694467,0.991527739779718,0.986261295966306,"K04153/K26206/K00922/K04284/K10042/K04351/K05259/K05870/K01539",9
"ko04971","Organismal Systems","Digestive system","ko04971","Gastric acid secretion","3/301","49/5930",0.45662667331695,0.991527739779718,0.986261295966306,"K04896/K01539/K05003",3
"ko04060","Environmental Information Processing","Signaling molecules and interaction","ko04060","Cytokine-cytokine receptor interaction","13/301","243/5930",0.463886340442844,0.991527739779718,0.986261295966306,"K04723/K06854/K04721/K05137/K04186/K04675/K13568/K04670/K04189/K05050/K04175/K14625/K05138",13
"ko03020","Genetic Information Processing","Transcription","ko03020","RNA polymerase","2/301","31/5930",0.471804028179137,0.991527739779718,0.986261295966306,"K03016/K03012",2
"ko04550","Cellular Processes","Cellular community - eukaryotes","ko04550","Signaling pathways regulating pluripotency of stem cells","6/301","109/5930",0.479829075840465,0.991527739779718,0.986261295966306,"K03083/K00922/K04675/K13568/K11138/K04670",6
"ko04920","Organismal Systems","Endocrine system","ko04920","Adipocytokine signaling pathway","3/301","51/5930",0.483187431341959,0.991527739779718,0.986261295966306,"K07296/K01084/K08526",3
"ko03013","Genetic Information Processing","Translation","ko03013","Nucleocytoplasmic transport","5/301","90/5930",0.484356451092926,0.991527739779718,0.986261295966306,"K12883/K07562/K14313/K12160/K15042",5
"ko05152","Human Diseases","Infectious disease: bacterial","ko05152","Tuberculosis","6/301","110/5930",0.488782713689451,0.991527739779718,0.986261295966306,"K08738/K04398/K05870/K06472/K12560/K07983",6
"ko00533","Metabolism","Glycan biosynthesis and metabolism","ko00533","Glycosaminoglycan biosynthesis - keratan sulfate","1/301","13/5930",0.492320866171183,0.991527739779718,0.986261295966306,"K07968",1
"ko04630","Environmental Information Processing","Signal transduction","ko04630","JAK-STAT signaling pathway","7/301","130/5930",0.492356377282444,0.991527739779718,0.986261295966306,"K06854/K00922/K05137/K04705/K11222/K00157/K05138",7
"ko04668","Environmental Information Processing","Signal transduction","ko04668","TNF signaling pathway","5/301","91/5930",0.494193715498259,0.991527739779718,0.986261295966306,"K00922/K04450/K04398/K05870/K14625",5
"ko04361","Organismal Systems","Development and regeneration","ko04361","Axon regeneration","3/301","52/5930",0.496235822578723,0.991527739779718,0.986261295966306,"K06754/K04422/K00922",3
"ko04141","Genetic Information Processing","Folding, sorting and degradation","ko04141","Protein processing in endoplasmic reticulum","7/301","131/5930",0.500555504227443,0.991527739779718,0.986261295966306,"K09517/K12275/K13251/K09541/K12670/K03283/K13250",7
"ko00240","Metabolism","Nucleotide metabolism","ko00240","Pyrimidine metabolism","2/301","33/5930",0.505043616150551,0.991527739779718,0.986261295966306,"K13421/K00757",2
"ko00513","Metabolism","Glycan biosynthesis and metabolism","ko00513","Various types of N-glycan biosynthesis","2/301","33/5930",0.505043616150551,0.991527739779718,0.986261295966306,"K12670/K07968",2
"ko04961","Organismal Systems","Excretory system","ko04961","Endocrine and other factor-regulated calcium reabsorption","2/301","33/5930",0.505043616150551,0.991527739779718,0.986261295966306,"K11826/K01539",2
"ko04962","Organismal Systems","Excretory system","ko04962","Vasopressin-regulated water reabsorption","2/301","33/5930",0.505043616150551,0.991527739779718,0.986261295966306,"K10415/K05870",2
"ko05203","Human Diseases","Cancer: overview","ko05203","Viral carcinogenesis","7/301","132/5930",0.508712553914659,0.991527739779718,0.986261295966306,"K03136/K12076/K00922/K04450/K04398/K05870/K15413",7
"ko04918","Organismal Systems","Endocrine system","ko04918","Thyroid hormone synthesis","3/301","53/5930",0.50911816759832,0.991527739779718,0.986261295966306,"K04450/K05870/K01539",3
"ko04620","Organismal Systems","Immune system","ko04620","Toll-like receptor signaling pathway","4/301","73/5930",0.511674703395193,0.991527739779718,0.986261295966306,"K05412/K05413/K00922/K04398",4
"ko04110","Cellular Processes","Cell growth and death","ko04110","Cell cycle","7/301","133/5930",0.516824717653598,0.991527739779718,0.986261295966306,"K03083/K06640/K09392/K12456/K02606/K02604/K06644",7
"ko00604","Metabolism","Glycan biosynthesis and metabolism","ko00604","Glycosphingolipid biosynthesis - ganglio series","1/301","14/5930",0.518146693327254,0.991527739779718,0.986261295966306,"K03372",1
"ko04964","Organismal Systems","Excretory system","ko04964","Proximal tubule bicarbonate reclamation","1/301","14/5930",0.518146693327254,0.991527739779718,0.986261295966306,"K01539",1
"ko03022","Genetic Information Processing","Transcription","ko03022","Basal transcription factors","2/301","34/5930",0.521148812974118,0.991527739779718,0.986261295966306,"K03136/K03126",2
"ko03030","Genetic Information Processing","Replication and repair","ko03030","DNA replication","2/301","34/5930",0.521148812974118,0.991527739779718,0.986261295966306,"K10755/K10739",2
"ko04917","Organismal Systems","Endocrine system","ko04917","Prolactin signaling pathway","3/301","54/5930",0.521826872359017,0.991527739779718,0.986261295966306,"K03083/K00922/K07593",3
"ko05222","Human Diseases","Cancer: specific types","ko05222","Small cell lung cancer","4/301","74/5930",0.522514387766272,0.991527739779718,0.986261295966306,"K00922/K08738/K05717/K08526",4
"ko03040","Genetic Information Processing","Transcription","ko03040","Spliceosome","6/301","115/5930",0.53274451062284,0.991527739779718,0.986261295966306,"K12883/K12842/K12828/K12857/K12900/K03283",6
"ko04625","Organismal Systems","Immune system","ko04625","C-type lectin receptor signaling pathway","4/301","75/5930",0.533239099151714,0.991527739779718,0.986261295966306,"K00922/K07831/K04398/K07983",4
"ko04330","Environmental Information Processing","Signal transduction","ko04330","Notch signaling pathway","2/301","35/5930",0.53690056426483,0.991527739779718,0.986261295966306,"K06066/K06171",2
"ko04978","Organismal Systems","Digestive system","ko04978","Mineral absorption","2/301","35/5930",0.53690056426483,0.991527739779718,0.986261295966306,"K14736/K01539",2
"ko05144","Human Diseases","Infectious disease: parasitic","ko05144","Malaria","2/301","35/5930",0.53690056426483,0.991527739779718,0.986261295966306,"K06576/K06574",2
"ko04936","Human Diseases","Endocrine and metabolic disease","ko04936","Alcoholic liver disease","5/301","96/5930",0.542254443987002,0.991527739779718,0.986261295966306,"K03083/K07296/K04398/K03987/K03986",5
"ko00040","Metabolism","Carbohydrate metabolism","ko00040","Pentose and glucuronate interconversions","1/301","15/5930",0.542662894359792,0.991527739779718,0.986261295966306,"K01783",1
"ko00512","Metabolism","Glycan biosynthesis and metabolism","ko00512","Mucin type O-glycan biosynthesis","1/301","15/5930",0.542662894359792,0.991527739779718,0.986261295966306,"K00710",1
"ko00670","Metabolism","Metabolism of cofactors and vitamins","ko00670","One carbon pool by folate","1/301","15/5930",0.542662894359792,0.991527739779718,0.986261295966306,"K11787",1
"ko00710","Metabolism","Energy metabolism","ko00710","Carbon fixation by Calvin cycle","1/301","15/5930",0.542662894359792,0.991527739779718,0.986261295966306,"K01783",1
"ko00982","Metabolism","Xenobiotics biodegradation and metabolism","ko00982","Drug metabolism - cytochrome P450","1/301","15/5930",0.542662894359792,0.991527739779718,0.986261295966306,"K00157",1
"ko04662","Organismal Systems","Immune system","ko04662","B cell receptor signaling pathway","3/301","56/5930",0.546696567343486,0.991527739779718,0.986261295966306,"K03083/K00922/K12560",3
"ko00220","Metabolism","Amino acid metabolism","ko00220","Arginine biosynthesis","1/301","16/5930",0.565935670149767,0.991527739779718,0.986261295966306,"K01948",1
"ko04966","Organismal Systems","Excretory system","ko04966","Collecting duct acid secretion","1/301","16/5930",0.565935670149767,0.991527739779718,0.986261295966306,"K02145",1
"ko04612","Organismal Systems","Immune system","ko04612","Antigen processing and presentation","2/301","37/5930",0.56732237481264,0.991527739779718,0.986261295966306,"K05870/K03283",2
"ko05160","Human Diseases","Infectious disease: viral","ko05160","Hepatitis C","5/301","99/5930",0.570049472478788,0.991527739779718,0.986261295966306,"K06087/K03083/K00922/K08738/K04398",5
"ko05168","Human Diseases","Infectious disease: viral","ko05168","Herpes simplex virus 1 infection","6/301","120/5930",0.575069014060402,0.991527739779718,0.986261295966306,"K03240/K00922/K09228/K08738/K04398/K15413",6
"ko05163","Human Diseases","Infectious disease: viral","ko05163","Human cytomegalovirus infection","8/301","161/5930",0.577147864749142,0.991527739779718,0.986261295966306,"K03083/K00922/K08738/K04450/K04189/K04398/K05870/K05050",8
"ko03015","Genetic Information Processing","Translation","ko03015","mRNA surveillance pathway","3/301","59/5930",0.582548914838771,0.991527739779718,0.986261295966306,"K12883/K11583/K15542",3
"ko04934","Human Diseases","Endocrine and metabolic disease","ko04934","Cushing syndrome","6/301","121/5930",0.583306738540546,0.991527739779718,0.986261295966306,"K22398/K03083/K14349/K13298/K04450/K05870",6
"ko05161","Human Diseases","Infectious disease: viral","ko05161","Hepatitis B","6/301","121/5930",0.583306738540546,0.991527739779718,0.986261295966306,"K00922/K08738/K04450/K11222/K04398/K05870",6
"ko00340","Metabolism","Amino acid metabolism","ko00340","Histidine metabolism","1/301","17/5930",0.58802788578807,0.991527739779718,0.986261295966306,"K00546",1
"ko00561","Metabolism","Lipid metabolism","ko00561","Glycerolipid metabolism","2/301","39/5930",0.5962803743258,0.991527739779718,0.986261295966306,"K13523/K14458",2
"ko00830","Metabolism","Metabolism of cofactors and vitamins","ko00830","Retinol metabolism","2/301","39/5930",0.5962803743258,0.991527739779718,0.986261295966306,"K11149/K00157",2
"ko05030","Human Diseases","Substance dependence","ko05030","Cocaine addiction","2/301","39/5930",0.5962803743258,0.991527739779718,0.986261295966306,"K04450/K05870",2
"ko04210","Cellular Processes","Cell growth and death","ko04210","Apoptosis","5/301","103/5930",0.60571286446104,0.991527739779718,0.986261295966306,"K00922/K04721/K08738/K04398/K07374",5
"ko04744","Organismal Systems","Sensory system","ko04744","Phototransduction","1/301","18/5930",0.60899923812661,0.991527739779718,0.986261295966306,"K00909",1
"ko00600","Metabolism","Lipid metabolism","ko00600","Sphingolipid metabolism","2/301","40/5930",0.610206959313109,0.991527739779718,0.986261295966306,"K23727/K01201",2
"ko03440","Genetic Information Processing","Replication and repair","ko03440","Homologous recombination","2/301","40/5930",0.610206959313109,0.991527739779718,0.986261295966306,"K10728/K10739",2
"ko04925","Organismal Systems","Endocrine system","ko04925","Aldosterone synthesis and secretion","3/301","62/5930",0.61655894444568,0.991527739779718,0.986261295966306,"K04450/K05870/K01539",3
"ko04814","Cellular Processes","Cell motility","ko04814","Motor proteins","5/301","105/5930",0.622900047973568,0.991527739779718,0.986261295966306,"K10415/K10356/K10408/K05738/K07374",5
"ko04810","Cellular Processes","Cell motility","ko04810","Regulation of actin cytoskeleton","8/301","168/5930",0.625900844579481,0.991527739779718,0.986261295966306,"K03898/K00922/K07831/K06589/K04189/K05751/K05717/K05767",8
"ko04080","Environmental Information Processing","Signaling molecules and interaction","ko04080","Neuroactive ligand-receptor interaction","15/301","312/5930",0.626416418177278,0.991527739779718,0.986261295966306,"K04153/K05190/K04146/K03898/K04284/K04299/K04577/K04803/K05259/K25367/K04586/K04157/K04238/K04278/K05052",15
"ko04666","Organismal Systems","Immune system","ko04666","Fc gamma R-mediated phagocytosis","3/301","63/5930",0.627472639572088,0.991527739779718,0.986261295966306,"K00922/K06472/K12560",3
"ko00100","Metabolism","Lipid metabolism","ko00100","Steroid biosynthesis","1/301","19/5930",0.628906414940529,0.991527739779718,0.986261295966306,"K13373",1
"ko01212","Metabolism","Global and overview maps","ko01212","Fatty acid metabolism","2/301","42/5930",0.636957469441288,0.991527739779718,0.986261295966306,"K07514/K07512",2
"ko04213","Organismal Systems","Aging","ko04213","Longevity regulating pathway - multiple species","2/301","42/5930",0.636957469441288,0.991527739779718,0.986261295966306,"K00922/K03283",2
"ko01521","Human Diseases","Drug resistance: antineoplastic","ko01521","EGFR tyrosine kinase inhibitor resistance","3/301","64/5930",0.638171651254588,0.991527739779718,0.986261295966306,"K03083/K00922/K03259",3
"ko04062","Organismal Systems","Immune system","ko04062","Chemokine signaling pathway","7/301","150/5930",0.645601229800312,0.991527739779718,0.986261295966306,"K03083/K00922/K00909/K04189/K05050/K04175/K14625",7
"ko05202","Human Diseases","Cancer: overview","ko05202","Transcriptional misregulation in cancer","7/301","150/5930",0.645601229800312,0.991527739779718,0.986261295966306,"K05413/K15618/K15622/K09633/K09435/K09381/K08526",7
"ko00052","Metabolism","Carbohydrate metabolism","ko00052","Galactose metabolism","1/301","20/5930",0.647803246120178,0.991527739779718,0.986261295966306,"K01084",1
"ko00062","Metabolism","Lipid metabolism","ko00062","Fatty acid elongation","1/301","20/5930",0.647803246120178,0.991527739779718,0.986261295966306,"K07512",1
"ko00515","Metabolism","Glycan biosynthesis and metabolism","ko00515","Mannose type O-glycan biosynthesis","1/301","20/5930",0.647803246120178,0.991527739779718,0.986261295966306,"K07968",1
"ko04512","Environmental Information Processing","Signaling molecules and interaction","ko04512","ECM-receptor interaction","3/301","66/5930",0.658921064204539,0.991527739779718,0.986261295966306,"K06238/K06589/K05717",3
"ko04919","Organismal Systems","Endocrine system","ko04919","Thyroid hormone signaling pathway","4/301","88/5930",0.660440234355294,0.991527739779718,0.986261295966306,"K03083/K00922/K08526/K01539",4
"ko00510","Metabolism","Glycan biosynthesis and metabolism","ko00510","N-Glycan biosynthesis","2/301","44/5930",0.662250753515197,0.991527739779718,0.986261295966306,"K12670/K07968",2
"ko00030","Metabolism","Carbohydrate metabolism","ko00030","Pentose phosphate pathway","1/301","21/5930",0.665740847290707,0.991527739779718,0.986261295966306,"K01783",1
"ko00500","Metabolism","Carbohydrate metabolism","ko00500","Starch and sucrose metabolism","1/301","21/5930",0.665740847290707,0.991527739779718,0.986261295966306,"K01084",1
"ko05143","Human Diseases","Infectious disease: parasitic","ko05143","African trypanosomiasis","1/301","21/5930",0.665740847290707,0.991527739779718,0.986261295966306,"K03898",1
"ko04727","Organismal Systems","Nervous system","ko04727","GABAergic synapse","3/301","67/5930",0.668970191049758,0.991527739779718,0.986261295966306,"K05190/K15375/K15374",3
"ko05213","Human Diseases","Cancer: specific types","ko05213","Endometrial cancer","2/301","45/5930",0.674358525615384,0.991527739779718,0.986261295966306,"K03083/K00922",2
"ko04012","Environmental Information Processing","Signal transduction","ko04012","ErbB signaling pathway","3/301","68/5930",0.678802036625989,0.991527739779718,0.986261295966306,"K03083/K00922/K05085",3
"ko04066","Environmental Information Processing","Signal transduction","ko04066","HIF-1 signaling pathway","3/301","68/5930",0.678802036625989,0.991527739779718,0.986261295966306,"K00922/K14736/K03259",3
"ko00051","Metabolism","Carbohydrate metabolism","ko00051","Fructose and mannose metabolism","1/301","22/5930",0.682767756237313,0.991527739779718,0.986261295966306,"K00966",1
"ko04136","Cellular Processes","Transport and catabolism","ko04136","Autophagy - other","1/301","22/5930",0.682767756237313,0.991527739779718,0.986261295966306,"K17907",1
"ko05031","Human Diseases","Substance dependence","ko05031","Amphetamine addiction","2/301","46/5930",0.686112332183793,0.991527739779718,0.986261295966306,"K04450/K05870",2
"ko04217","Cellular Processes","Cell growth and death","ko04217","Necroptosis","4/301","91/5930",0.686230715788032,0.991527739779718,0.986261295966306,"K12192/K04721/K11222/K04398",4
"ko04926","Organismal Systems","Endocrine system","ko04926","Relaxin signaling pathway","4/301","91/5930",0.686230715788032,0.991527739779718,0.986261295966306,"K00922/K19720/K04450/K05870",4
"ko04150","Environmental Information Processing","Signal transduction","ko04150","mTOR signaling pathway","5/301","113/5930",0.687018732120797,0.991527739779718,0.986261295966306,"K02145/K03083/K00922/K03259/K20398",5
"ko05017","Human Diseases","Neurodegenerative disease","ko05017","Spinocerebellar ataxia","5/301","113/5930",0.687018732120797,0.991527739779718,0.986261295966306,"K17079/K00922/K08738/K03030/K17943",5
"ko00230","Metabolism","Nucleotide metabolism","ko00230","Purine metabolism","4/301","92/5930",0.694515673171815,0.991527739779718,0.986261295966306,"K11787/K13755/K13298/K00939",4
"ko04350","Environmental Information Processing","Signal transduction","ko04350","TGF-beta signaling pathway","4/301","92/5930",0.694515673171815,0.991527739779718,0.986261295966306,"K14736/K04675/K13568/K04670",4
"ko01210","Metabolism","Global and overview maps","ko01210","2-Oxocarboxylic acid metabolism","1/301","23/5930",0.698930062495365,0.991527739779718,0.986261295966306,"K00031",1
"ko05418","Human Diseases","Cardiovascular disease","ko05418","Fluid shear stress and atherosclerosis","4/301","93/5930",0.702644205906678,0.991527739779718,0.986261295966306,"K00922/K04675/K04670/K12160",4
"ko05210","Human Diseases","Cancer: specific types","ko05210","Colorectal cancer","3/301","71/5930",0.706998046587175,0.991527739779718,0.986261295966306,"K03083/K00922/K08738",3
"ko04924","Organismal Systems","Endocrine system","ko04924","Renin secretion","2/301","48/5930",0.708576931341982,0.991527739779718,0.986261295966306,"K13755/K05870",2
"ko04022","Environmental Information Processing","Signal transduction","ko04022","cGMP-PKG signaling pathway","5/301","117/5930",0.716181470359989,0.991527739779718,0.986261295966306,"K03898/K04938/K04450/K05870/K01539",5
"ko04113","Cellular Processes","Cell growth and death","ko04113","Meiosis - yeast","2/301","49/5930",0.719298218917515,0.991527739779718,0.986261295966306,"K02606/K02604",2
"ko04657","Organismal Systems","Immune system","ko04657","IL-17 signaling pathway","3/301","73/5930",0.724721788500602,0.991527739779718,0.986261295966306,"K03083/K04398/K14625",3
"ko00630","Metabolism","Carbohydrate metabolism","ko00630","Glyoxylate and dicarboxylate metabolism","1/301","25/5930",0.728833716246883,0.991527739779718,0.986261295966306,"K01966",1
"ko01232","Metabolism","Global and overview maps","ko01232","Nucleotide metabolism","2/301","50/5930",0.729686422224367,0.991527739779718,0.986261295966306,"K00757/K00939",2
"ko05167","Human Diseases","Infectious disease: viral","ko05167","Kaposi sarcoma-associated herpesvirus infection","6/301","142/5930",0.735132603689034,0.991527739779718,0.986261295966306,"K03083/K05413/K00922/K08738/K04398/K05870",6
"ko03460","Genetic Information Processing","Replication and repair","ko03460","Fanconi anemia pathway","2/301","51/5930",0.73974760552569,0.991527739779718,0.986261295966306,"K06640/K10739",2
"ko04622","Organismal Systems","Immune system","ko04622","RIG-I-like receptor signaling pathway","2/301","51/5930",0.73974760552569,0.991527739779718,0.986261295966306,"K12650/K04398",2
"ko04068","Environmental Information Processing","Signal transduction","ko04068","FoxO signaling pathway","4/301","98/5930",0.740946160006063,0.991527739779718,0.986261295966306,"K15618/K00922/K04721/K01084",4
"ko03082","Genetic Information Processing","Chromosome","ko03082","ATP-dependent chromatin remodeling","3/301","75/5930",0.741600207514009,0.991527739779718,0.986261295966306,"K11340/K26167/K11322",3
"ko04640","Organismal Systems","Immune system","ko04640","Hematopoietic cell lineage","3/301","75/5930",0.741600207514009,0.991527739779718,0.986261295966306,"K06854/K01389/K06448",3
"ko04933","Human Diseases","Endocrine and metabolic disease","ko04933","AGE-RAGE signaling pathway in diabetic complications","3/301","75/5930",0.741600207514009,0.991527739779718,0.986261295966306,"K00922/K19720/K05717",3
"ko05145","Human Diseases","Infectious disease: parasitic","ko05145","Toxoplasmosis","3/301","75/5930",0.741600207514009,0.991527739779718,0.986261295966306,"K08738/K04398/K03283",3
"ko00760","Metabolism","Metabolism of cofactors and vitamins","ko00760","Nicotinate and nicotinamide metabolism","1/301","26/5930",0.742656078890353,0.991527739779718,0.986261295966306,"K00157",1
"ko04975","Organismal Systems","Digestive system","ko04975","Fat digestion and absorption","1/301","26/5930",0.742656078890353,0.991527739779718,0.986261295966306,"K01047",1
"ko00310","Metabolism","Amino acid metabolism","ko00310","Lysine degradation","2/301","52/5930",0.749488076843569,0.991527739779718,0.986261295966306,"K07514/K04462",2
"ko05133","Human Diseases","Infectious disease: bacterial","ko05133","Pertussis","2/301","52/5930",0.749488076843569,0.991527739779718,0.986261295966306,"K03987/K03986",2
"ko04151","Environmental Information Processing","Signal transduction","ko04151","PI3K-Akt signaling pathway","11/301","254/5930",0.751192594364553,0.991527739779718,0.986261295966306,"K03083/K00922/K11583/K06238/K04450/K01084/K06589/K05870/K05085/K05717/K03259",11
"ko04380","Organismal Systems","Development and regeneration","ko04380","Osteoclast differentiation","4/301","100/5930",0.755184362713168,0.991527739779718,0.986261295966306,"K00922/K05870/K06472/K12560",4
"ko05033","Human Diseases","Substance dependence","ko05033","Nicotine addiction","1/301","27/5930",0.755776085708443,0.991527739779718,0.986261295966306,"K05190",1
"ko05166","Human Diseases","Infectious disease: viral","ko05166","Human T-cell leukemia virus 1 infection","7/301","168/5930",0.757510319376616,0.991527739779718,0.986261295966306,"K12076/K00922/K06640/K12456/K04450/K05870/K00787",7
"ko05135","Human Diseases","Infectious disease: bacterial","ko05135","Yersinia infection","4/301","101/5930",0.762074858747199,0.991527739779718,0.986261295966306,"K03083/K00922/K05717/K06472",4
"ko04138","Cellular Processes","Transport and catabolism","ko04138","Autophagy - yeast","2/301","54/5930",0.768033096849569,0.991527739779718,0.986261295966306,"K20178/K17907",2
"ko04710","Organismal Systems","Environmental adaptation","ko04710","Circadian rhythm","1/301","28/5930",0.768229312576435,0.991527739779718,0.986261295966306,"K05870",1
"ko05170","Human Diseases","Infectious disease: viral","ko05170","Human immunodeficiency virus 1 infection","6/301","149/5930",0.775983156882001,0.991527739779718,0.986261295966306,"K00922/K06640/K10611/K08738/K04189/K04398",6
"ko04010","Environmental Information Processing","Signal transduction","ko04010","MAPK signaling pathway","10/301","238/5930",0.77681756711935,0.991527739779718,0.986261295966306,"K04723/K04422/K04462/K07831/K04450/K04424/K04865/K05085/K04381/K03283",10
"ko04721","Organismal Systems","Nervous system","ko04721","Synaptic vesicle cycle","2/301","55/5930",0.776851135779811,0.991527739779718,0.986261295966306,"K02145/K11826",2
"ko04140","Cellular Processes","Transport and catabolism","ko04140","Autophagy - animal","5/301","128/5930",0.786279574596009,0.991527739779718,0.986261295966306,"K19330/K00922/K07831/K12650/K17907",5
"ko00250","Metabolism","Amino acid metabolism","ko00250","Alanine, aspartate and glutamate metabolism","1/301","30/5930",0.791268838999123,0.991527739779718,0.986261295966306,"K01948",1
"ko05132","Human Diseases","Infectious disease: bacterial","ko05132","Salmonella infection","7/301","175/5930",0.79347152642951,0.991527739779718,0.986261295966306,"K00922/K04721/K13744/K08738/K10415/K04398/K07374",7
"ko04613","Organismal Systems","Immune system","ko04613","Neutrophil extracellular trap formation","3/301","83/5930",0.80101359849577,0.991527739779718,0.986261295966306,"K00922/K11303/K06472",3
"ko04540","Cellular Processes","Cellular community - eukaryotes","ko04540","Gap junction","2/301","58/5930",0.801570485434252,0.991527739779718,0.986261295966306,"K07374/K04157",2
"ko01250","Metabolism","Global and overview maps","ko01250","Biosynthesis of nucleotide sugars","1/301","31/5930",0.801917666026456,0.991527739779718,0.986261295966306,"K00966",1
"ko05034","Human Diseases","Substance dependence","ko05034","Alcoholism","3/301","84/5930",0.807573421953505,0.991527739779718,0.986261295966306,"K04450/K11303/K05870",3
"ko04013","Environmental Information Processing","Signal transduction","ko04013","MAPK signaling pathway - fly","2/301","59/5930",0.809255452823567,0.991527739779718,0.986261295966306,"K08840/K04450",2
"ko05231","Human Diseases","Cancer: overview","ko05231","Choline metabolism in cancer","2/301","59/5930",0.809255452823567,0.991527739779718,0.986261295966306,"K00968/K00922",2
"ko00071","Metabolism","Lipid metabolism","ko00071","Fatty acid degradation","1/301","32/5930",0.812024935483319,0.991527739779718,0.986261295966306,"K07514",1
"ko05223","Human Diseases","Cancer: specific types","ko05223","Non-small cell lung cancer","2/301","60/5930",0.816674789420466,0.991527739779718,0.986261295966306,"K00922/K08526",2
"ko05205","Human Diseases","Cancer: overview","ko05205","Proteoglycans in cancer","6/301","157/5930",0.816693676469663,0.991527739779718,0.986261295966306,"K06106/K00922/K07831/K09295/K05085/K05717",6
"ko05216","Human Diseases","Cancer: specific types","ko05216","Thyroid cancer","1/301","33/5930",0.821618101712468,0.991527739779718,0.986261295966306,"K08526",1
"ko04111","Cellular Processes","Cell growth and death","ko04111","Cell cycle - yeast","2/301","61/5930",0.823835553578578,0.991527739779718,0.986261295966306,"K02606/K02604",2
"ko04260","Organismal Systems","Circulatory system","ko04260","Cardiac muscle contraction","2/301","61/5930",0.823835553578578,0.991527739779718,0.986261295966306,"K04865/K01539",2
"ko04623","Organismal Systems","Immune system","ko04623","Cytosolic DNA-sensing pathway","2/301","61/5930",0.823835553578578,0.991527739779718,0.986261295966306,"K03016/K04398",2
"ko04928","Organismal Systems","Endocrine system","ko04928","Parathyroid hormone synthesis, secretion and action","3/301","87/5930",0.826170640832631,0.991527739779718,0.986261295966306,"K04450/K05870/K08526",3
"ko00260","Metabolism","Amino acid metabolism","ko00260","Glycine, serine and threonine metabolism","1/301","34/5930",0.830723231674237,0.991527739779718,0.986261295966306,"K01697",1
"ko05110","Human Diseases","Infectious disease: bacterial","ko05110","Vibrio cholerae infection","1/301","34/5930",0.830723231674237,0.991527739779718,0.986261295966306,"K02145",1
"ko04725","Organismal Systems","Nervous system","ko04725","Cholinergic synapse","3/301","88/5930",0.832019949296537,0.991527739779718,0.986261295966306,"K00922/K04997/K05870",3
"ko05220","Human Diseases","Cancer: specific types","ko05220","Chronic myeloid leukemia","2/301","63/5930",0.83740943402435,0.991527739779718,0.986261295966306,"K00922/K04462",2
"ko04916","Organismal Systems","Endocrine system","ko04916","Melanogenesis","2/301","64/5930",0.843836459274987,0.991527739779718,0.986261295966306,"K03083/K05870",2
"ko00520","Metabolism","Carbohydrate metabolism","ko00520","Amino sugar and nucleotide sugar metabolism","1/301","36/5930",0.847567129536503,0.991527739779718,0.986261295966306,"K00966",1
"ko05340","Human Diseases","Immune disease","ko05340","Primary immunodeficiency","1/301","36/5930",0.847567129536503,0.991527739779718,0.986261295966306,"K06713",1
"ko03083","Genetic Information Processing","Chromosome","ko03083","Polycomb repressive complex","2/301","65/5930",0.850032704444891,0.991527739779718,0.986261295966306,"K11844/K11458",2
"ko04914","Organismal Systems","Endocrine system","ko04914","Progesterone-mediated oocyte maturation","2/301","65/5930",0.850032704444891,0.991527739779718,0.986261295966306,"K00922/K12456",2
"ko00140","Metabolism","Lipid metabolism","ko00140","Steroid hormone biosynthesis","1/301","37/5930",0.85535170605661,0.991527739779718,0.986261295966306,"K13373",1
"ko04913","Organismal Systems","Endocrine system","ko04913","Ovarian steroidogenesis","1/301","37/5930",0.85535170605661,0.991527739779718,0.986261295966306,"K13373",1
"ko05235","Human Diseases","Cancer: overview","ko05235","PD-L1 expression and PD-1 checkpoint pathway in cancer","2/301","67/5930",0.861759858653252,0.991527739779718,0.986261295966306,"K00922/K06470",2
"ko00010","Metabolism","Carbohydrate metabolism","ko00010","Glycolysis / Gluconeogenesis","1/301","38/5930",0.862739986470145,0.991527739779718,0.986261295966306,"K01084",1
"ko00270","Metabolism","Amino acid metabolism","ko00270","Cysteine and methionine metabolism","1/301","38/5930",0.862739986470145,0.991527739779718,0.986261295966306,"K01697",1
"ko04370","Environmental Information Processing","Signal transduction","ko04370","VEGF signaling pathway","1/301","38/5930",0.862739986470145,0.991527739779718,0.986261295966306,"K00922",1
"ko04270","Organismal Systems","Circulatory system","ko04270","Vascular smooth muscle contraction","3/301","94/5930",0.863680718221725,0.991527739779718,0.986261295966306,"K04938/K04577/K01047",3
"ko00590","Metabolism","Lipid metabolism","ko00590","Arachidonic acid metabolism","1/301","39/5930",0.869752081526575,0.991527739779718,0.986261295966306,"K01047",1
"ko03410","Genetic Information Processing","Replication and repair","ko03410","Base excision repair","1/301","39/5930",0.869752081526575,0.991527739779718,0.986261295966306,"K10755",1
"ko05169","Human Diseases","Infectious disease: viral","ko05169","Epstein-Barr virus infection","5/301","146/5930",0.871128772975499,0.991527739779718,0.986261295966306,"K00922/K08738/K06066/K03030/K04398",5
"ko04142","Cellular Processes","Transport and catabolism","ko04142","Lysosome","3/301","98/5930",0.88176841103525,0.991527739779718,0.986261295966306,"K12387/K01206/K01201",3
"ko04510","Cellular Processes","Cellular community - eukaryotes","ko04510","Focal adhesion","5/301","149/5930",0.882083652442143,0.991527739779718,0.986261295966306,"K03083/K00922/K06238/K06589/K05717",5
"ko05321","Human Diseases","Immune disease","ko05321","Inflammatory bowel disease","1/301","41/5930",0.882723123287973,0.991527739779718,0.986261295966306,"K11222",1
"ko03050","Genetic Information Processing","Folding, sorting and degradation","ko03050","Proteasome","1/301","43/5930",0.894406276470736,0.991527739779718,0.986261295966306,"K03030",1
"ko04212","Organismal Systems","Aging","ko04212","Longevity regulating pathway - worm","1/301","43/5930",0.894406276470736,0.991527739779718,0.986261295966306,"K00922",1
"ko01522","Human Diseases","Drug resistance: antineoplastic","ko01522","Endocrine resistance","2/301","74/5930",0.896498224794179,0.991527739779718,0.986261295966306,"K00922/K05664",2
"ko03250","Genetic Information Processing","Information processing in viruses","ko03250","Viral life cycle - HIV-1","1/301","44/5930",0.899805242120865,0.991527739779718,0.986261295966306,"K04189",1
"ko04923","Organismal Systems","Endocrine system","ko04923","Regulation of lipolysis in adipocytes","1/301","44/5930",0.899805242120865,0.991527739779718,0.986261295966306,"K00922",1
"ko04713","Organismal Systems","Environmental adaptation","ko04713","Circadian entrainment","2/301","76/5930",0.904823487996354,0.991527739779718,0.986261295966306,"K04997/K05870",2
"ko05412","Human Diseases","Cardiovascular disease","ko05412","Arrhythmogenic right ventricular cardiomyopathy","2/301","76/5930",0.904823487996354,0.991527739779718,0.986261295966306,"K06589/K04865",2
"ko04340","Environmental Information Processing","Signal transduction","ko04340","Hedgehog signaling pathway","1/301","45/5930",0.904929031132353,0.991527739779718,0.986261295966306,"K03083",1
"ko04659","Organismal Systems","Immune system","ko04659","Th17 cell differentiation","2/301","77/5930",0.908748143574134,0.991527739779718,0.986261295966306,"K04723/K08526",2
"ko00562","Metabolism","Carbohydrate metabolism","ko00562","Inositol phosphate metabolism","1/301","46/5930",0.909791624442321,0.991527739779718,0.986261295966306,"K00922",1
"ko05226","Human Diseases","Cancer: specific types","ko05226","Gastric cancer","3/301","106/5930",0.911669939660117,0.991527739779718,0.986261295966306,"K03083/K00922/K08526",3
"ko05217","Human Diseases","Cancer: specific types","ko05217","Basal cell carcinoma","1/301","47/5930",0.914406294911876,0.991527739779718,0.986261295966306,"K03083",1
"ko05206","Human Diseases","Cancer: overview","ko05206","MicroRNAs in cancer","4/301","134/5930",0.915402853947126,0.991527739779718,0.986261295966306,"K10149/K00922/K09295/K04381",4
"ko04520","Cellular Processes","Cellular community - eukaryotes","ko04520","Adherens junction","2/301","79/5930",0.916148191304578,0.991527739779718,0.986261295966306,"K18269/K06593",2
"ko04218","Cellular Processes","Cell growth and death","ko04218","Cellular senescence","3/301","111/5930",0.926699252103181,0.991527739779718,0.986261295966306,"K00922/K06640/K07831",3
"ko05140","Human Diseases","Infectious disease: parasitic","ko05140","Leishmaniasis","1/301","50/5930",0.926885614930294,0.991527739779718,0.986261295966306,"K06472",1
"ko05218","Human Diseases","Cancer: specific types","ko05218","Melanoma","1/301","50/5930",0.926885614930294,0.991527739779718,0.986261295966306,"K00922",1
"ko04070","Environmental Information Processing","Signal transduction","ko04070","Phosphatidylinositol signaling system","1/301","51/5930",0.930628375118386,0.991527739779718,0.986261295966306,"K00922",1
"ko04390","Environmental Information Processing","Signal transduction","ko04390","Hippo signaling pathway","3/301","113/5930",0.932027283851362,0.991527739779718,0.986261295966306,"K03083/K12076/K06069",3
"ko05225","Human Diseases","Cancer: specific types","ko05225","Hepatocellular carcinoma","3/301","113/5930",0.932027283851362,0.991527739779718,0.986261295966306,"K03083/K11340/K00922",3
"ko05410","Human Diseases","Cardiovascular disease","ko05410","Hypertrophic cardiomyopathy","2/301","84/5930",0.932260902402763,0.991527739779718,0.986261295966306,"K06589/K04865",2
"ko04724","Organismal Systems","Nervous system","ko04724","Glutamatergic synapse","2/301","87/5930",0.940476692185818,0.991527739779718,0.986261295966306,"K04964/K04997",2
"ko05214","Human Diseases","Cancer: specific types","ko05214","Glioma","1/301","54/5930",0.940749086029922,0.991527739779718,0.986261295966306,"K00922",1
"ko04722","Organismal Systems","Nervous system","ko04722","Neurotrophin signaling pathway","2/301","88/5930",0.942998942020453,0.991527739779718,0.986261295966306,"K03083/K00922",2
"ko04970","Organismal Systems","Digestive system","ko04970","Salivary secretion","1/301","55/5930",0.943784233256776,0.991527739779718,0.986261295966306,"K01539",1
"ko05211","Human Diseases","Cancer: specific types","ko05211","Renal cell carcinoma","1/301","55/5930",0.943784233256776,0.991527739779718,0.986261295966306,"K00922",1
"ko05221","Human Diseases","Cancer: specific types","ko05221","Acute myeloid leukemia","1/301","56/5930",0.946664394242258,0.991527739779718,0.986261295966306,"K00922",1
"ko03018","Genetic Information Processing","Folding, sorting and degradation","ko03018","RNA degradation","1/301","58/5930",0.951990913801114,0.991527739779718,0.986261295966306,"K12618",1
"ko04658","Organismal Systems","Immune system","ko04658","Th1 and Th2 cell differentiation","1/301","58/5930",0.951990913801114,0.991527739779718,0.986261295966306,"K11222",1
"ko05414","Human Diseases","Cardiovascular disease","ko05414","Dilated cardiomyopathy","2/301","92/5930",0.952109205782359,0.991527739779718,0.986261295966306,"K06589/K04865",2
"ko04120","Genetic Information Processing","Folding, sorting and degradation","ko04120","Ubiquitin mediated proteolysis","3/301","126/5930",0.958834958723554,0.992472156781133,0.987200696749944,"K10611/K12456/K10595",3
"ko04015","Environmental Information Processing","Signal transduction","ko04015","Rap1 signaling pathway","4/301","156/5930",0.96081651081956,0.992472156781133,0.987200696749944,"K00922/K06069/K07831/K04351",4
"ko05212","Human Diseases","Cancer: specific types","ko05212","Pancreatic cancer","1/301","63/5930",0.963100624509317,0.992472156781133,0.987200696749944,"K00922",1
"ko04020","Environmental Information Processing","Signal transduction","ko04020","Calcium signaling pathway","5/301","187/5930",0.96515640934679,0.992472156781133,0.987200696749944,"K13755/K04189/K05085/K04157/K23468",5
"ko05224","Human Diseases","Cancer: specific types","ko05224","Breast cancer","2/301","104/5930",0.971834114016581,0.994310717343223,0.989029491901033,"K03083/K00922",2
"ko05131","Human Diseases","Infectious disease: bacterial","ko05131","Shigellosis","4/301","168/5930",0.97479278845812,0.994310717343223,0.989029491901033,"K03083/K06106/K00922/K08738",4
"ko04921","Organismal Systems","Endocrine system","ko04921","Oxytocin signaling pathway","2/301","109/5930",0.9774979529629,0.994310717343223,0.989029491901033,"K04997/K04865",2
"ko04014","Environmental Information Processing","Signal transduction","ko04014","Ras signaling pathway","4/301","173/5930",0.9791071895551,0.994310717343223,0.989029491901033,"K13618/K00922/K07831/K01047",4
"ko04114","Cellular Processes","Cell growth and death","ko04114","Oocyte meiosis","1/301","79/5930",0.984130194678885,0.995240396525055,0.989954233144189,"K12456",1
"ko04310","Environmental Information Processing","Signal transduction","ko04310","Wnt signaling pathway","2/301","122/5930",0.987547701294382,0.995240396525055,0.989954233144189,"K03083/K25481",2
"ko04621","Organismal Systems","Immune system","ko04621","NOD-like receptor signaling pathway","2/301","125/5930",0.989153299298602,0.995240396525055,0.989954233144189,"K12650/K04398",2
"ko04371","Environmental Information Processing","Signal transduction","ko04371","Apelin signaling pathway","1/301","103/5930",0.995543779048998,0.996771118948285,0.991476825221374,"K07831",1
"ko05200","Human Diseases","Cancer: overview","ko05200","Pathways in cancer","10/301","395/5930",0.996771118948285,0.996771118948285,0.991476825221374,"K03083/K03898/K00922/K04462/K08738/K04189/K11222/K04398/K05717/K08526",10
